alpha,auc_mean,auc_std,auprc_mean,auprc_std,balanced_accuracy_mean,balanced_accuracy_std,brier_mean,brier_std,curve_method,epsilon_mean,epsilon_std,f1_mean,f1_std,num_runs,precision_mean,precision_std,recall_mean,recall_std,target_epsilon,training_time_mean,training_time_std
0.1,0.6145892056388323,0.04745796125291585,0.36254389912794444,0.07992824852772254,0.5898945198337513,0.05430422255296832,0.21023660744531938,0.0209595234852888,dp_uniform,0.9998316824359142,0.00011296504157235359,0.3962231268839859,0.038694540344506465,5,0.3746461448875312,0.1407598630235557,0.5317256970610399,0.2033915126115137,1.0,67.49197645187378,30.942413466345023
0.1,0.6349209031794668,0.06443283466282648,0.3864649286103821,0.09662065425192196,0.609717579431037,0.06739619190253947,0.1980697255676595,0.026587035781989107,full_ha_dp,0.9998903747818182,7.851238242300115e-05,0.42030259427320493,0.05731979617316527,5,0.4019691546005876,0.11815388824696553,0.5410700828937453,0.25438917576180947,1.0,915.3970273494721,907.9816088605854
0.1,0.6312894337123377,0.0416962116330418,0.3856516824443229,0.07535992164000577,0.612426450205134,0.03729415483600993,0.20938610209158517,0.02301926272170529,scheduler,0.9998332027534801,0.00012862236523447567,0.4064097790767431,0.03626353411036171,5,0.4292757207730154,0.10541851674054996,0.42938960060286363,0.12788490613850717,1.0,893.8198485851287,881.325066606304
0.1,0.6419206295170625,0.04139393006694555,0.39943956098279787,0.06896623524725096,0.6075180077763986,0.05058572623010603,0.21979836276706685,0.0010907734147008507,dp_uniform,1.9998054623443495,9.90292067163381e-05,0.41370520625051477,0.04338823657570564,5,0.4023916184196561,0.14394696123300382,0.518010550113037,0.1643516987187671,2.0,63.613845920562746,26.171018313914704
0.1,0.6608505369475692,0.05122344180435167,0.41981736490287863,0.07287086603642987,0.6324629890546327,0.048114909308616845,0.1984103695448033,0.02564695413261351,full_ha_dp,1.9998756398770483,0.00010715566075178148,0.4319308697970979,0.06401669821381918,5,0.4359759122411407,0.09277398945810134,0.45259984928409946,0.09646494654085422,2.0,791.0709146976471,754.2788151036885
0.1,0.6588761844526534,0.03488047213037627,0.4226393004257205,0.054243242920444565,0.6257966889913049,0.032487490126960304,0.2199010928478506,0.0009731335831926643,scheduler,1.9997656740252356,0.00021388391693503018,0.41969016613912385,0.046764437944395824,5,0.43917456612167266,0.10413452159919467,0.4244159758854559,0.08080080294976626,2.0,784.2496162414551,743.9422704933303
0.1,0.6559135349361425,0.03528535911977351,0.4185773349607248,0.05490895675584379,0.6171320244519052,0.048025277700234445,0.21989389234814063,0.0009997044062349117,dp_uniform,2.99992684076831,5.285285194074348e-05,0.42175076286373864,0.050515030195588805,5,0.4154636885214111,0.13487042012234188,0.49178598342125096,0.13579975184710263,3.0,62.66736488342285,23.73496923407929
0.1,0.6730698455153956,0.04418714290148648,0.43525625779981847,0.05858252848694435,0.638272356500998,0.04239328834297618,0.20898420107756074,0.02023413584550212,full_ha_dp,2.999872751373481,5.213375211662114e-05,0.43968303991171165,0.06451997928337402,5,0.46770975185818764,0.0962003960780684,0.4313489073097212,0.07781707295227475,3.0,745.3708517074585,679.7368945436481
0.1,0.6725978947830141,0.028370978573021444,0.44142905650235664,0.039101030956825066,0.6339619881791387,0.02672040869846636,0.21999450557580963,0.0008834268239033395,scheduler,2.9998981622711924,3.566800932374758e-05,0.43070080159316465,0.03888427733338427,5,0.46234938343752185,0.09050473441668459,0.4248681235870384,0.08071817966701965,3.0,742.588252401352,673.8020287868586
0.1,0.6670929908720606,0.030115790736295188,0.43073629451390777,0.042881963757636664,0.6286001563278343,0.029679142525765638,0.22010025789438184,0.000762064078970537,dp_uniform,4.999914814214363,8.43145097550121e-05,0.42315012253863804,0.04241694651613125,5,0.447999224686527,0.08894849976281739,0.42094951017332327,0.0779464986784582,5.0,67.28711466789245,21.23038065928085
0.1,0.6834405218066363,0.03871754798745396,0.44932096032862306,0.047459776134353954,0.6445713006672558,0.03680935362148732,0.20949183113028988,0.019989518970685342,full_ha_dp,4.999841705137403,0.00015143847654862816,0.44942495071501354,0.05537438892696054,5,0.49393131857016614,0.10085913933929337,0.43029389600602863,0.07419027518761911,5.0,770.4923586845398,604.6944907240235
0.1,0.6825060703223685,0.02301242429160643,0.4524612291750274,0.02898445823460602,0.6437625855275645,0.017257205333330434,0.22012267949682873,0.0007640729937218595,scheduler,4.999874203414783,0.00011418964440078229,0.44494241229597464,0.02546633222384622,5,0.46745033802774727,0.06277271080414767,0.43526752072343633,0.060780286352766354,5.0,772.7367144107818,600.1170828295436
0.1,0.6709992354546497,0.0262571391725027,0.4320323421233228,0.035846515118826375,0.6302194249993267,0.024205770171742934,0.22028496456228008,0.0005494482791425822,dp_uniform,7.999904529669068,0.00012754965514343695,0.4241861358042241,0.03481975559917448,5,0.4567439920805487,0.08262700685149948,0.41160512434061797,0.06762804005255742,8.0,78.42233400344848,18.515070283157335
0.1,0.6903098029356542,0.03533556451328166,0.45720833204472905,0.041138751856904826,0.6479345745275292,0.03187536490152225,0.20987470751539958,0.019509424904270337,full_ha_dp,7.999917939091819,6.9750776428067e-05,0.45461859222428597,0.048341447829990516,5,0.4914103827945832,0.08971115469215053,0.4349660889223813,0.05615911888875884,8.0,893.3121870994568,535.0666252619184
0.1,0.6869859577482664,0.019488157415044713,0.45502113104734576,0.022541315559978754,0.6432614624151215,0.015687529136090783,0.22024552075150744,0.0006627704803266927,scheduler,7.999778884834219,0.0001396627207797509,0.4440483864260567,0.023636146567125774,5,0.47817834804768705,0.06578789790574845,0.42532027128862093,0.05969139344741863,8.0,898.4381151676178,533.7817033806591
0.5,0.6207504477855519,0.015562924286785039,0.3714249146195689,0.02818938599818905,0.5900194659922455,0.022215511596317655,0.20795419867044898,0.02290413004847841,dp_uniform,0.9997619793451101,7.338418705767499e-05,0.3802737946995079,0.01749410696901139,5,0.32994244968934405,0.06330367158068177,0.47445365486058777,0.07488282775214929,1.0,71.31354913711547,18.453226698670598
0.5,0.6480039657665587,0.02487264228389164,0.4140018247722898,0.0411652989876919,0.6254390733471685,0.03201527250651469,0.19685603629854329,0.018374281124447372,full_ha_dp,0.999889907180069,7.209597531206883e-05,0.4229041428417757,0.03825906059625328,5,0.44005962632864665,0.0974092325057135,0.4334589299171062,0.08286873637951182,1.0,948.6804347515106,532.3925402855717
0.5,0.6265383028189807,0.01780594163111328,0.38051965047964165,0.029456146336732564,0.5975899001962726,0.02190241380842748,0.20807519863310872,0.02266435291163524,scheduler,0.9998968982641021,4.3783498150253094e-05,0.38645609110374496,0.022185076998016636,5,0.3495858080440346,0.07139568582970005,0.45877920120572724,0.07938808949526992,1.0,930.8397853851318,521.6417186124216
0.5,0.6481576166439635,0.01322355936812565,0.4152247147045623,0.019013416346305642,0.620343211680692,0.013489216005588073,0.21741593880729881,0.0021718518978086775,dp_uniform,1.9997352578853835,0.00016974190160618207,0.4097184171063733,0.015039888512065405,5,0.43889356191899653,0.07701286022868056,0.4079879427279578,0.09184801830669005,2.0,65.75122728347779,15.220828397841288
0.5,0.668055195626691,0.017554501232825055,0.4427238328415959,0.018923574018596907,0.641876250086477,0.01432510202324939,0.2066098766293219,0.008974985983815896,full_ha_dp,1.9999158326467739,5.213294175825125e-05,0.4424883168265049,0.025811805184388643,5,0.5046194146148211,0.051800037047958526,0.39562923888470236,0.02388977767015427,2.0,820.4388764858246,443.27151993572386
0.5,0.6580954483507768,0.015911232249571486,0.4292381211919998,0.020363511441637682,0.6343823349224674,0.006775497479311943,0.2175770688689626,0.0020479232741794874,scheduler,1.9998803257482496,0.00012809939356777031,0.42867463719657517,0.01212358450719906,5,0.4933039465816431,0.020255148555893547,0.38025621703089674,0.02462487504382822,2.0,812.5981736183167,437.8120514656441
0.5,0.6608311531991813,0.011897578731893108,0.4327935161549092,0.015766811718721484,0.6349938583189904,0.004750442003430465,0.21729240619177545,0.0022595765527607414,dp_uniform,2.9999242619935376,5.5245405458732985e-05,0.4295665161247577,0.008477257318869526,5,0.5089085306918696,0.03402093528156911,0.373775433308214,0.026218719302358393,3.0,63.68762440681458,14.256254969377395
0.5,0.6786487205194071,0.01684016301316763,0.4560882672039165,0.015558145871037325,0.6524300399076224,0.016936377718998315,0.2048381636214156,0.01097458477816048,full_ha_dp,2.999821425018383,0.00017424131445703252,0.45949932820640177,0.028174100102004024,5,0.5136128091218113,0.02837754128252375,0.41793519216277314,0.04294609850193821,3.0,772.7171582698822,406.48674318985104
0.5,0.6712250835379888,0.014761054539776091,0.4459918233316765,0.016654761812178863,0.6426474071978856,0.004864100005802552,0.21751922442662106,0.0021037338037496493,scheduler,2.9998693911945375,7.69040366244813e-05,0.443558997575855,0.0091329347813167,5,0.5458205919041493,0.03305929949224586,0.37483044461190657,0.01799619800661882,3.0,771.6586496829987,403.6162543258356
0.5,0.6729149367907576,0.00966577252391099,0.4483364588383515,0.011250802362314986,0.6436514918148817,0.0018741194018478374,0.21719212355273812,0.002407929836610482,dp_uniform,4.999875942164319,7.820540029343627e-05,0.4452736401411981,0.003308480780732992,5,0.5149983356066111,0.04459222099860905,0.39532780708364734,0.0259005614901576,5.0,68.70968837738037,15.356673210459773
0.5,0.6809294071943379,0.024590276844599662,0.4624816531630469,0.01940533094806092,0.6570935730295622,0.015500670660768249,0.19692693542839573,0.018378547128983697,full_ha_dp,4.99988117186175,5.544663516637845e-05,0.46673727841622215,0.023513396371376227,5,0.5080522023210934,0.029498658920567727,0.4349660889223813,0.048227321934501174,5.0,803.663937664032,385.1835310220053
0.5,0.6831025963095729,0.013926642235576766,0.4599954631889693,0.012808271637868964,0.6499701422544589,0.004402142845415428,0.217496048999712,0.00218429738188319,scheduler,4.9999354878819116,8.331894019520685e-05,0.45581423136844823,0.007216443343349061,5,0.5168413840846036,0.058150553359046626,0.41477015825169555,0.044654275283994634,5.0,808.7682059764862,386.4046271249128
0.5,0.6810829613142633,0.008147913318941625,0.45815876342108663,0.007308263154085621,0.649272085418793,0.0021778336186766417,0.21712662585082448,0.002569671864529394,dp_uniform,7.999921319784397,0.00016098310012838035,0.4552718545554773,0.003318318740920833,5,0.5395335250350834,0.04002847513130376,0.39638281838733985,0.026224133596541528,8.0,81.49967069625855,15.734013927378337
0.5,0.6876017384738862,0.025466634353836323,0.46959634322756727,0.02027314568547397,0.6614680109290798,0.01650860008895214,0.19451346792496257,0.02040468214257126,full_ha_dp,7.9998952742157385,0.00013743833601072053,0.47430838322284946,0.025978575642135338,5,0.5122617724324369,0.03970800554347488,0.44491333835719665,0.04396540661654646,8.0,944.8932035923004,384.4692813003236
0.5,0.6897918278955362,0.013523488797374883,0.4675692686619187,0.010220501741339056,0.6549200130106557,0.0044161196721793925,0.21750733036367298,0.0022585687652165094,scheduler,7.999803086055917,8.597957062132578e-05,0.46347190411467576,0.00617400735677887,5,0.49858767411472243,0.042200356655420844,0.43798040693293144,0.04000861384347455,8.0,955.785435628891,387.1899306713702
