alpha,comparator,delta_auc,delta_auprc,delta_balanced_accuracy,delta_client_auprc_mean,delta_f1,seed,target_epsilon,v5_variant
0.1,dp_uniform,0.04320519794080735,0.02593476966299718,0.0268302040083076,0.00830617256199917,0.0405779207363729,42,3.0,full_ha_dp
0.1,scheduler,0.04028013870507208,0.02476694352540587,0.028943226097556396,0.00813308653179251,0.045844460979913404,42,3.0,full_ha_dp
0.1,dp_uniform,0.043905077042336704,0.026686115247322284,0.02746759390434328,0.0077953206030959565,0.041990567571962956,42,3.0,ha_uniform
0.1,scheduler,0.04098001780660143,0.025518289109730974,0.029580615993592074,0.007622234572889297,0.04725710781550346,42,3.0,ha_uniform
0.1,dp_uniform,-0.014487416770425643,-0.013927231447589505,-0.005623625338268212,-0.005124406252767055,-0.009868318960423894,73,3.0,full_ha_dp
0.1,scheduler,-0.03958840335806513,-0.04040970792694948,-0.0398359412430529,-0.010715370476260477,-0.06538372924927544,73,3.0,full_ha_dp
0.1,dp_uniform,-0.046099778570508176,-0.05335225403891192,-0.034493315751424225,-0.010390475735268467,-0.05201901241493789,73,3.0,ha_uniform
0.1,scheduler,-0.07120076515814766,-0.07983473051827189,-0.06870563165620891,-0.01598143995876189,-0.10753442270378943,73,3.0,ha_uniform
0.1,dp_uniform,0.045001419916011254,0.03229946567202846,0.03381391698305014,0.0030087767286983147,0.0469509749138316,101,3.0,full_ha_dp
0.1,scheduler,0.03965395655040893,0.02819406078227993,0.02398787241752276,0.002618707439911716,0.029462502816395064,101,3.0,full_ha_dp
0.1,dp_uniform,0.04480717927596689,0.03160215793899113,0.033120730273851096,0.0031098948832531392,0.04570286032159221,101,3.0,ha_uniform
0.1,scheduler,0.03945971591036457,0.027496753049242595,0.023294685708323715,0.0027198255944665406,0.028214388224155673,101,3.0,ha_uniform
0.1,dp_uniform,0.01164597212320262,0.020456040031308187,0.04919698548847451,0.000920935949486057,-0.00016080373406196502,123,3.0,full_ha_dp
0.1,scheduler,-0.010615504966803302,-0.015194549897693477,-0.010555354067063427,-0.0010723839727743156,-0.018298353640121112,123,3.0,full_ha_dp
0.1,dp_uniform,-0.013174337142728976,-0.019932913337966374,-0.010970846810172019,-0.0011087120970530995,-0.004429195079248105,123,3.0,ha_uniform
0.1,scheduler,-0.0354358142327349,-0.05558350326696804,-0.07072318636570996,-0.003102032019313472,-0.022566744985307252,123,3.0,ha_uniform
0.1,dp_uniform,0.006011380937260724,0.010255300823286517,0.006336486068293734,0.005699210545093258,0.011521923102131904,909,3.0,full_ha_dp
0.1,scheduler,-0.0030970456555003967,-0.0010597661780636924,-4.5959802750239476e-06,0.005228955702691995,-1.4772492749504096e-05,909,3.0,full_ha_dp
0.1,dp_uniform,0.0008487243574537562,0.003060094765725885,-0.0016594714042138525,0.005006130386127239,-0.004563275081589824,909,3.0,ha_uniform
0.1,scheduler,-0.008259702235307365,-0.008254972235624325,-0.00800055345278261,0.004535875543725976,-0.01609997067647123,909,3.0,ha_uniform
0.1,dp_uniform,0.009239049190051363,0.010306090040612947,0.01152816989194283,0.005911684187052735,0.0204536735260189,2026,3.0,full_ha_dp
0.1,scheduler,-0.0010981973920310972,-0.0003610945232806473,0.011510431020705925,0.006542055161751825,0.021727922272458122,2026,3.0,full_ha_dp
0.1,dp_uniform,0.0024077292454803834,0.0031304919556127686,0.0027996776685834668,0.004511638952117425,0.0030431463118389956,2026,3.0,ha_uniform
0.1,scheduler,-0.007929517336602077,-0.007536692608280826,0.0027819387973465615,0.005142009926816515,0.004317395058278217,2026,3.0,ha_uniform
0.1,dp_uniform,-0.0011252894862838758,-0.0033559871693200627,-0.0037724934934626475,-0.00026876071707615523,-0.006549123929547651,4096,3.0,full_ha_dp
0.1,scheduler,-0.007704959352989094,-0.009392581816603185,-0.006609584054109274,-0.0004413840613068931,-0.010737259711875669,4096,3.0,full_ha_dp
0.1,dp_uniform,-0.010240085946443767,-0.013236348178371937,-0.01064001686160354,-0.001446356823923134,-0.01878429864727882,4096,3.0,ha_uniform
0.1,scheduler,-0.016819755813148984,-0.01927294282565506,-0.013477107422250167,-0.0016189801681538718,-0.022972434429606836,4096,3.0,ha_uniform
0.1,dp_uniform,0.0040942927439470145,0.005463613738881212,0.006786811504012724,-0.0025145970102004034,0.00853933652230926,27182,3.0,full_ha_dp
0.1,scheduler,-0.02192677684225841,-0.03681908843483156,-0.014170294131449213,-0.00547077890195391,-0.014326955135083308,27182,3.0,full_ha_dp
0.1,dp_uniform,-0.021958303654320388,-0.034017620895203105,-0.012909221648970015,-0.0011899369449270836,0.0024795153279129067,27182,3.0,ha_uniform
0.1,scheduler,-0.04797937324052581,-0.07630032306891588,-0.03386632728443195,-0.00414611883668059,-0.02038677632947966,27182,3.0,ha_uniform
0.1,dp_uniform,0.0061851412441497056,0.00819587822523582,0.0060555668528872175,0.0012702239220015454,0.011028190585028408,31415,3.0,full_ha_dp
0.1,scheduler,-0.015691805496179545,-0.01629442667872394,0.0005199101897075398,-0.0008393491347817306,0.0007410495113704951,31415,3.0,full_ha_dp
0.1,dp_uniform,-0.005447526725625207,-0.007347436426517362,-0.01067484955421405,-3.719027612336667e-05,-0.022106768871272442,31415,3.0,ha_uniform
0.1,scheduler,-0.027324473465954457,-0.03183774133047712,-0.016210506217393728,-0.0021467633329066427,-0.032393909944930355,31415,3.0,ha_uniform
0.1,dp_uniform,0.005381973533281625,0.011823088860280051,0.011238058715986377,0.007222367671207652,0.018830633742504987,65537,3.0,full_ha_dp
0.1,scheduler,-0.0004458100866768788,0.0006349916870824202,0.005124759900346332,0.005445376920028666,0.008370705337143014,65537,3.0,full_ha_dp
0.1,dp_uniform,0.001001036756392626,0.004678132830617465,0.006126441706602037,0.004266150541443081,0.010478799198853417,65537,3.0,ha_uniform
0.1,scheduler,-0.004826746863565878,-0.006509964342580166,1.3142890961992393e-05,0.002489159790264095,1.8870793491443383e-05,65537,3.0,ha_uniform
0.5,dp_uniform,0.02284460216630324,0.03248312025847433,0.01922087329753197,0.012887148338530052,0.03449405397707045,42,3.0,full_ha_dp
0.5,scheduler,0.01758381737606296,0.024044776815051017,0.016941105818656155,0.009942900339110994,0.030562429531577173,42,3.0,full_ha_dp
0.5,dp_uniform,0.021532086957236962,0.030785673775411415,0.016573508027887374,0.014694499763424296,0.029212533929837303,42,3.0,ha_uniform
0.5,scheduler,0.016271302166996682,0.022347330331988102,0.014293740549011558,0.011750251764005237,0.025280909484344027,42,3.0,ha_uniform
0.5,dp_uniform,0.11296685685424346,0.14391443009974458,0.1610416974745169,0.05861753887951959,0.14180228386384308,73,3.0,full_ha_dp
0.5,scheduler,0.09244556303257945,0.11610530674865926,0.09699509971745202,0.047530309657609904,0.15247812057478471,73,3.0,full_ha_dp
0.5,dp_uniform,0.11458262613022818,0.14682719482604734,0.161721096242891,0.0601145136508765,0.1438751007110184,73,3.0,ha_uniform
0.5,scheduler,0.09406133230856417,0.11901807147496202,0.0976744984858261,0.04902728442896681,0.15455093742196002,73,3.0,ha_uniform
0.5,dp_uniform,0.01965579816776808,0.0304794530078058,0.025179924564643796,0.015903444339946893,0.04015594541910328,101,3.0,full_ha_dp
0.5,scheduler,0.014287451312845811,0.02385478160870741,0.01737369238313835,0.011541921126839605,0.026100708886426238,101,3.0,full_ha_dp
0.5,dp_uniform,0.019287313433437592,0.03079335861746413,0.023779763205420523,0.016181058108968804,0.03802083333333328,101,3.0,ha_uniform
0.5,scheduler,0.013918966578515324,0.024168687218365736,0.015973531023915077,0.011819534895861517,0.02396559680065624,101,3.0,ha_uniform
0.5,dp_uniform,0.006609745316574989,0.005917223088935164,0.000580948033009121,-0.0017860003245794842,0.0016763491978585288,123,3.0,full_ha_dp
0.5,scheduler,-0.0004622588581875142,-0.002861466277300384,-0.004010113736804488,-0.006073588276498343,-0.007336972229332994,123,3.0,full_ha_dp
0.5,dp_uniform,0.00027213041102092106,-0.001911005129507759,-0.001860968855218803,-0.005399083184147557,-0.003247891503657674,123,3.0,ha_uniform
0.5,scheduler,-0.006799873763741582,-0.010689694495743307,-0.006452030625032412,-0.009686671136066416,-0.012261212930849197,123,3.0,ha_uniform
0.5,dp_uniform,0.03353323966134225,0.04814219092467287,0.09264593164632362,0.02331759418681717,0.055933690898177624,909,3.0,full_ha_dp
0.5,scheduler,0.020174337626516436,0.022616557721933273,0.06526179106802676,0.00991487987884987,0.04240422007663963,909,3.0,full_ha_dp
0.5,dp_uniform,0.032580017226056524,0.04720429413149818,0.0935714975687264,0.02415558084905084,0.057837375668923885,909,3.0,ha_uniform
0.5,scheduler,0.01922111519123071,0.021678660928758586,0.06618735699042955,0.010752866541083539,0.04430790484738589,909,3.0,ha_uniform
0.5,dp_uniform,0.04936776243974639,0.06169011250222989,0.0484798513031055,-0.041260956306403807,0.08106050525986574,2026,3.0,full_ha_dp
0.5,scheduler,0.030249613332922753,0.03934809341901141,0.03269080454005446,-0.049613017059370934,0.052267684620625754,2026,3.0,full_ha_dp
0.5,dp_uniform,0.049591594742263156,0.06177497256147241,0.04305707836597905,-0.03948815000644618,0.0767903364969802,2026,3.0,ha_uniform
0.5,scheduler,0.030473445635439522,0.03943295347825393,0.02726803160292801,-0.047840210759413304,0.0479975158577402,2026,3.0,ha_uniform
0.5,dp_uniform,0.020770524962542836,0.021593172593481702,0.022115050771068345,0.020124919647884765,0.04075598296122385,4096,3.0,full_ha_dp
0.5,scheduler,0.01812993271646146,0.019411118665872973,0.021901700528828005,0.01841462804733507,0.03924402354127465,4096,3.0,full_ha_dp
0.5,dp_uniform,0.019843991465345323,0.019855218617663373,0.0189845431539164,0.0154985284131951,0.03497832022816971,4096,3.0,ha_uniform
0.5,scheduler,0.01720339921926395,0.017673164690054644,0.01877119291167606,0.013788236812645405,0.03346636080822052,4096,3.0,ha_uniform
0.5,dp_uniform,0.009434015511191607,0.014404857661504122,0.014475563979190031,0.00817310478872213,0.02532283296155652,27182,3.0,full_ha_dp
0.5,scheduler,0.0013161436145465721,0.0027262956011813166,0.003521085309295735,0.0028954224411145146,0.0059016573726124455,27182,3.0,full_ha_dp
0.5,dp_uniform,0.0035283421202563225,0.006389304263360596,0.011020112493470902,0.005040056688680683,0.019527578489912767,27182,3.0,ha_uniform
0.5,scheduler,-0.004589529776388712,-0.00528925779696221,6.563382357660519e-05,-0.0002376256589269321,0.00010640290096869398,27182,3.0,ha_uniform
0.5,dp_uniform,-0.004675885826819326,-0.006381034564406307,0.0022929103698378084,-0.0026052285961750687,0.00366601161721708,31415,3.0,full_ha_dp
0.5,scheduler,-0.01707672755238565,-0.021134956495042823,-0.002360479343003652,-0.008453142499607103,-0.0051374535374004715,31415,3.0,full_ha_dp
0.5,dp_uniform,-0.010232748504250377,-0.01261822947800506,-0.0002139952921035304,-0.006030758102086364,-0.00035669612155969643,31415,3.0,ha_uniform
0.5,scheduler,-0.022633590229816702,-0.027372151408641576,-0.004867385004944991,-0.011878672005518398,-0.009160161276177248,31415,3.0,ha_uniform
0.5,dp_uniform,0.02702839557876391,0.03434284960546308,0.0275988615514966,0.029505755139420053,0.04677516139603871,65537,3.0,full_ha_dp
0.5,scheduler,0.02274171671312919,0.027709897021570118,0.023454174286990148,0.02325829281174613,0.039687900556651834,65537,3.0,full_ha_dp
0.5,dp_uniform,0.027422843570086508,0.03406366691850826,0.02730149356457945,0.02487108887483347,0.04786156703261207,65537,3.0,ha_uniform
0.5,scheduler,0.02313616470445179,0.027430714334615303,0.023156806300072996,0.018623626547159544,0.040774306193225196,65537,3.0,ha_uniform
