alpha,auc_ci95,auc_mean,auc_n,auc_std,auprc_ci95,auprc_mean,auprc_n,auprc_std,balanced_accuracy_ci95,balanced_accuracy_mean,balanced_accuracy_n,balanced_accuracy_std,brier_ci95,brier_mean,brier_n,brier_std,client_auc_mean_ci95,client_auc_mean_mean,client_auc_mean_n,client_auc_mean_std,client_auc_min_ci95,client_auc_min_mean,client_auc_min_n,client_auc_min_std,client_auprc_mean_ci95,client_auprc_mean_mean,client_auprc_mean_n,client_auprc_mean_std,client_auprc_min_ci95,client_auprc_min_mean,client_auprc_min_n,client_auprc_min_std,client_f1_mean_ci95,client_f1_mean_mean,client_f1_mean_n,client_f1_mean_std,client_f1_min_ci95,client_f1_min_mean,client_f1_min_n,client_f1_min_std,communication_cost_ci95,communication_cost_mean,communication_cost_n,communication_cost_std,communication_mb_mean,dataset,f1_ci95,f1_mean,f1_n,f1_std,method_family,num_runs,paper_method,split,target_epsilon,training_time_ci95,training_time_mean,training_time_n,training_time_std
,0.0037752994424756457,0.7768870893431151,10,0.00527750471250386,0.005455623648305609,0.5418698299357878,10,0.00762643598270446,0.006104695982336334,0.7070079265339809,10,0.008533776540399874,0.0007812601010127005,0.13592543425519044,10,0.001092126314113524,,,,,,,,,,,,,,,,,,,,,,,,,0.0,0.0,10,0.0,0.0,default_credit_card_clients,0.007967405739041946,0.5397593997054929,10,0.011137665230244958,reference,10,centralized_mlp,iid,,0.010395314546701995,10.760396051406861,10,0.014531647712745272
0.1,0.021797851050918707,0.6640878164433208,10,0.030471294634113737,0.03213808579346626,0.431411451656432,10,0.04492594608989502,0.02611937216839528,0.6289858961460044,10,0.03651236459695409,0.0016381540510682735,0.21890829352050734,10,0.002289981458702762,0.05500620688428248,0.6150309686294398,10,0.07689337507448213,0.1398205377788319,0.4472920236233403,10,0.1954556342552607,0.0974218863194065,0.48856997202646923,10,0.13618640639920576,0.0,0.0,10,0.0,0.07040387561225087,0.33256601461558327,10,0.09841783174649105,0.0,0.0,10,0.0,0.0,3204000.0,10,0.0,3.055572509765625,default_credit_card_clients,0.02839880818728798,0.430758962034507,10,0.03969879643232363,privacy_matched,10,dp_uniform,noniid_alpha=0.1,3.0,0.3584509436259439,37.342402124404906,10,0.501079867441423
0.5,0.022523544351001776,0.6530526823511617,10,0.03148574391671407,0.0288712892462108,0.42164497476322166,10,0.040359279409376926,0.03416517592073656,0.6170318401450331,10,0.04775962269286241,0.0022146279431620873,0.21626188367904703,10,0.0030958363924681043,0.05410431727293936,0.6343568154669198,10,0.07563262033262769,0.1359758093811709,0.4456192928780361,10,0.1900810745557928,0.0442610848620824,0.48108115776991084,10,0.06187273022957834,0.04374256764557579,0.03557490141579188,10,0.06114789314173305,0.04223248609578894,0.37962067841870223,10,0.05903694469467708,0.060433393726750814,0.043937437794309295,10,0.08448005914370225,0.0,3204000.0,10,0.0,3.055572509765625,default_credit_card_clients,0.025274768124988252,0.4220250831743714,10,0.03533168955721275,privacy_matched,10,dp_uniform,noniid_alpha=0.5,3.0,0.3583275776086861,36.80058171749115,10,0.5009074136407745
,0.0043304945690140146,0.7602542286646936,10,0.0060536139831221525,0.005581069571675083,0.5300965705932651,10,0.007801797291611038,0.004868750610745515,0.7012871486231974,10,0.006806044045970073,0.0007654804691550713,0.13831745342022292,10,0.00107006790980438,0.004464145149832765,0.760283828479266,10,0.0062404446122807525,0.013848441373339784,0.7211775717729155,10,0.01935878616312052,0.005293661062912102,0.5370651924462888,10,0.0074000279001966976,0.011570823992461617,0.4743692481262095,10,0.016174896608393427,0.005962020162387778,0.5330137145067174,10,0.008334329496897254,0.011056333097234803,0.48256408201699524,10,0.015455687929592753,0.0,3204000.0,10,0.0,3.055572509765625,default_credit_card_clients,0.005736191070008802,0.5335572802137897,10,0.008018642193834219,reference,10,fedavg_iid,iid,,0.23390187351127453,18.390778303146362,10,0.32697227293572395
0.1,0.07329543509914643,0.5882205751232328,10,0.10245995318641841,0.09171416430454417,0.3245007415521147,10,0.12820756120028157,0.06022948621609553,0.5636672761850332,10,0.08419501609882724,0.01440254361719947,0.19911039230395394,10,0.020133367689098992,0.07516734447789301,0.5782929197642401,10,0.10507670206110822,0.10340628976763024,0.4896610001081544,10,0.14455202557213548,0.10694748949148637,0.46836623515475984,10,0.14950228144331296,0.0,0.0,10,0.0,0.15626476400557765,0.24439769808213177,10,0.21844307743095265,0.0,0.0,10,0.0,0.0,3204000.0,10,0.0,3.055572509765625,default_credit_card_clients,0.1656860542105898,0.26459648925844914,10,0.23161313300201847,reference,10,fedavg_noniid,noniid_alpha=0.1,,0.0482645969629825,18.501010847091674,10,0.06746925424072049
0.5,0.02525562979100462,0.723015209791986,10,0.03530493601108294,0.026819198222798216,0.5020658784600415,10,0.03749065396348513,0.019148003405644827,0.6822991060737734,10,0.026767063049723223,0.01897380947392527,0.175890220246608,10,0.02652355672405368,0.05645623190040797,0.7028498767965001,10,0.07892037027643958,0.19692559847064037,0.49849369652116077,10,0.27528300464027416,0.04524493635805495,0.5143567980370133,10,0.06324805978568748,0.05077657769626302,0.04597240840268253,10,0.07098076117139024,0.047970923963634136,0.4157585495343694,10,0.0670587276953136,0.06099506672849975,0.04536067244565567,10,0.08526522385945057,0.0,3204000.0,10,0.0,3.055572509765625,default_credit_card_clients,0.02977876095189381,0.5058995955029086,10,0.04162783738105017,reference,10,fedavg_noniid,noniid_alpha=0.5,,0.05617821616076339,18.451436614990236,10,0.07853173107086642
0.1,0.033368228909633736,0.6865883570757375,10,0.04664556759053308,0.04752190085485908,0.43936652592090886,10,0.06643103667141177,0.03199066022491292,0.6335047445836371,10,0.04471985935567994,0.010851138061218533,0.2118392729415611,10,0.015168845048370027,0.07013289857700952,0.6543299965258889,10,0.09803903197119992,0.1478545913174179,0.5115667693307078,10,0.2066864666849639,0.09935958713921574,0.4903933846788483,10,0.1388951253667428,0.0,0.0,10,0.0,0.0729371433097907,0.36606193589270164,10,0.10195909580130558,0.0,0.0,10,0.0,0.0,3204000.0,10,0.0,3.055572509765625,default_credit_card_clients,0.036161783624879706,0.44468078765594665,10,0.05055068780655502,reference,10,fedprox_noniid,noniid_alpha=0.1,,0.06501500338579755,23.003154110908508,10,0.09088470781724341
0.5,0.02420951858199918,0.7234680267328015,10,0.03384257337748241,0.025239025060713762,0.5026258389868736,10,0.03528172419869691,0.01765669346701765,0.6821393272226685,10,0.024682355505638257,0.018858297909102154,0.17575947599150474,10,0.026362082690803763,0.05591739971200482,0.7032215069336683,10,0.07816713481608054,0.19764175814216928,0.4967304209796053,10,0.27628412682911985,0.045551299950940066,0.5148891110197075,10,0.06367632655758905,0.050698685476167384,0.045845415109814935,10,0.0708718753558713,0.05019903723405882,0.42007727730012123,10,0.07017341527541923,0.06640897103172538,0.048541417021772344,10,0.09283334021913786,0.0,3204000.0,10,0.0,3.055572509765625,default_credit_card_clients,0.028438444810415228,0.5071183890912341,10,0.0397542046108083,reference,10,fedprox_noniid,noniid_alpha=0.5,,0.10308073186120205,22.72901725769043,10,0.14409692700007598
0.1,0.03008418824154626,0.6756029885805211,10,0.04205479529128446,0.03672745767472113,0.4421565545002041,10,0.051341445601868235,0.025734616417884746,0.6432249042141269,10,0.03597451314505686,0.015265063175241804,0.2077017217875509,10,0.021339086891390992,0.057613775778818384,0.6303224085762222,10,0.08053850504066772,0.1293008999989129,0.4715846362596454,10,0.18075019464622383,0.09717756457316805,0.4910131327850188,10,0.1358448681485882,0.0,0.0,10,0.0,0.05140207648712532,0.3286348298158074,10,0.0718551481880335,0.0,0.0,10,0.0,0.0,3204000.0,10,0.0,3.055572509765625,default_credit_card_clients,0.03773831031360384,0.44489140268492344,10,0.05275452015307581,privacy_matched,10,full_ha_dp,noniid_alpha=0.1,3.0,0.36175635029311975,37.358565187454225,10,0.5057005073478891
0.5,0.01608174579575066,0.6828061878343272,10,0.02248073047331815,0.017728339166607158,0.4603036122810121,10,0.024782509287603244,0.015375252611185275,0.6583950014441055,10,0.02149312110147698,0.013661251438440955,0.1953150967654797,10,0.01909711267771507,0.04426309893307729,0.6616950210929129,10,0.06187554570668918,0.1532508643895023,0.4520175203628585,10,0.21422993628302264,0.04523217292128321,0.4933688897792791,10,0.0632302177313718,0.04509573348107277,0.041307419042879,10,0.06303948854560693,0.0445416921765464,0.3898897559943414,10,0.06226499220694237,0.06592673990960306,0.05512973984976468,10,0.09215922759355823,0.0,3204000.0,10,0.0,3.055572509765625,default_credit_card_clients,0.025531485292794982,0.4691893649295669,10,0.03569055541236522,privacy_matched,10,full_ha_dp,noniid_alpha=0.5,3.0,0.32022354016265164,36.706772041320804,10,0.4476416422096736
0.1,0.03729598111965393,0.6636927879071213,10,0.052136186576860755,0.0476486724355875,0.4255384936425619,10,0.0666082511215236,0.03606155028931034,0.6278025682982827,10,0.05041057126510515,0.015304529061889444,0.20735399919547265,10,0.02139425639673478,0.06364309453024262,0.6146974815232534,10,0.0889669114780028,0.14544577009916806,0.438736270464181,10,0.20331916681257114,0.09752062181519601,0.48962161837534335,10,0.13632442910502293,0.0,0.0,10,0.0,0.07789576987242113,0.3441641698495822,10,0.10889077776470196,0.0,0.0,10,0.0,0.0,3204000.0,10,0.0,3.055572509765625,default_credit_card_clients,0.041930143053829964,0.4309381958982904,10,0.05861429826542194,privacy_matched,10,ha_uniform,noniid_alpha=0.1,3.0,0.1823478588057987,37.75137572288513,10,0.25490472976404155
0.5,0.017274155112943772,0.6808935021063297,10,0.024147603760220543,0.019235735988303047,0.4579614196736129,10,0.026889704743573946,0.015450390491014746,0.6564252529925879,10,0.021598156614799746,0.014138896102909167,0.19477450563111187,10,0.01976481387759137,0.044302967721785894,0.6592721606469867,10,0.06193127843027773,0.1464431510409317,0.4483247625906781,10,0.20471340922976797,0.04532776073154904,0.4920448912755459,10,0.06336384027623809,0.04536216462190259,0.041206372987473275,10,0.0634119335986979,0.045954755614528955,0.3828695450603327,10,0.06424031868545069,0.06963353398238245,0.05822171577395672,10,0.09734096840258567,0.0,3204000.0,10,0.0,3.055572509765625,default_credit_card_clients,0.026284196699973884,0.46647498900092843,10,0.03674277340436034,privacy_matched,10,ha_uniform,noniid_alpha=0.5,3.0,0.16007895661653493,37.19259140491486,10,0.22377495104400955
,0.0050295146006928085,0.7824811955870203,10,0.007030776607578858,0.007964307219870017,0.5577570508123012,10,0.011133333799114579,0.0050859125658009015,0.711482274594179,10,0.007109615526496084,0.0010477872126148763,0.13384760591941972,10,0.0014647055250934487,,,,,,,,,,,,,,,,,,,,,,,,,0.0,0.0,10,0.0,0.0,default_credit_card_clients,0.005120454386230976,0.5449985059408842,10,0.00715790166190754,reference,10,hist_gbdt,iid,,0.0179537105097408,0.1695652961730957,10,0.025097556701344594
,0.005885669458572173,0.7259830680861419,10,0.008227598572548215,0.0057318284386447295,0.5071493653587897,10,0.00801254365570933,0.004185842654462064,0.6872005174590002,10,0.005851404549843391,0.0006548988095573829,0.14547846041987428,10,0.0009154854088569567,,,,,,,,,,,,,,,,,,,,,,,,,0.0,0.0,10,0.0,0.0,default_credit_card_clients,0.005960013253834522,0.5158255103300344,10,0.00833152403218942,reference,10,logistic_regression,iid,,0.14177303584528642,1.5766037940979003,10,0.19818503834727394
0.1,0.017382851216131052,0.6776264293700234,10,0.02429955043505847,0.02332026062334175,0.44875007644634185,10,0.03259947646849426,0.015919617324864656,0.643333861199138,10,0.02225409049888188,0.0014196328518915953,0.21911187000664922,10,0.001984509885915234,0.054040835112852535,0.6310230842317981,10,0.07554387839198881,0.13631362174534434,0.47180660882785636,10,0.1905533036785503,0.09699944813769096,0.49007024126410875,10,0.135595878540763,0.0,0.0,10,0.0,0.05740180623350372,0.32201941552282143,10,0.08024219204845329,0.0,0.0,10,0.0,0.0,3204000.0,10,0.0,3.055572509765625,default_credit_card_clients,0.02361558384197124,0.44515284561610596,10,0.03301230986138849,privacy_matched,10,scheduler,noniid_alpha=0.1,3.0,0.3181117084432361,37.359345984458926,10,0.4446895050292856
0.5,0.020000818044854183,0.6628672289028782,10,0.02795921571096175,0.024386326650270653,0.4351215717980478,10,0.03408973401407009,0.023107973230999602,0.6312181153868421,10,0.03230271915677326,0.0021436447488371716,0.21643690895530185,10,0.002996608729002907,0.0512128222925037,0.6431909820314468,10,0.07159058906651339,0.13538911673719703,0.4483849866192795,10,0.18926093479190348,0.0441243733057806,0.4874330291325662,10,0.06168162065174752,0.04589353670952848,0.037456179326653835,10,0.06415474055726321,0.046399334280290326,0.3652935999764171,10,0.06486179680642744,0.0598374099973495,0.043173025041864835,10,0.08364693133797023,0.0,3204000.0,10,0.0,3.055572509765625,default_credit_card_clients,0.02851468122340628,0.431572132990181,10,0.039860775767601324,privacy_matched,10,scheduler,noniid_alpha=0.5,3.0,0.32033381540578265,36.761581778526306,10,0.4477957963699367
,0.00458545101156545,0.7830354949975578,10,0.006410018514087275,0.006431687927247,0.5589959937649362,10,0.008990879760028254,0.004282813680672353,0.7117844240132067,10,0.005986960697269288,0.0010499643191111034,0.13381359518740626,10,0.001467748910119863,,,,,,,,,,,,,,,,,,,,,,,,,0.0,0.0,10,0.0,0.0,default_credit_card_clients,0.005313164615370873,0.5470844075844811,10,0.007427291986550662,reference,10,xgboost,iid,,0.007515941341726753,0.18543171882629395,10,0.010506561520284338
,0.017497800372404868,0.7816071428571428,10,0.024460238275368064,0.03513110223327766,0.5850829013880964,10,0.049109894570375866,0.024603841106162646,0.7103571428571429,10,0.03439379825678747,0.008432857661855938,0.1709792444055904,10,0.011788322152569518,,,,,,,,,,,,,,,,,,,,,,,,,0.0,0.0,10,0.0,0.0,german_credit,0.031317202780976224,0.5926680978275883,10,0.0437784307648617,reference,10,centralized_mlp,iid,,0.009682066237307291,0.9449960708618164,10,0.013534595327531661
0.1,0.0539519195684195,0.5903809523809523,10,0.07541958303160477,0.042901546269734935,0.39228629960559686,10,0.05997222632590928,0.049268236673567424,0.5411904761904763,10,0.06887224581343522,0.01116187296782421,0.21815848740937263,10,0.015603222495493937,0.13036283856972852,0.5500325593104534,9,0.1695957564597168,0.15175567291846317,0.5004305523931529,9,0.197426800674441,0.1070050016523821,0.4160692483979281,10,0.1495826779005419,0.0,0.0,10,0.0,0.12567811859265435,0.32527056158883133,10,0.17568589544685662,0.0,0.0,10,0.0,0.0,1666000.0,10,0.0,1.5888214111328125,german_credit,0.09305178956276819,0.408508010622224,10,0.13007743237511277,privacy_matched,10,dp_uniform,noniid_alpha=0.1,3.0,0.15167458121809432,3.885460948944092,10,0.21202644435023676
0.5,0.05778195010507879,0.5815952380952382,10,0.08077359653814625,0.05060296390167093,0.3750676630438087,10,0.07073806582150441,0.05104769369917163,0.5557142857142857,10,0.07135975521008486,0.006324517904350223,0.2152555399197757,10,0.008841066398334749,0.08864720133895246,0.5794320425258547,10,0.12392024260460185,0.13749348418261026,0.42450324328368677,10,0.19220263763673143,0.06240670134096883,0.44985287559910336,10,0.08723855297761818,0.03583277532963877,0.03032660288915834,10,0.050090765923524655,0.0716555385826225,0.3632391010396867,10,0.10016753592896809,0.030970008777169215,0.019642857142857142,10,0.043293087014209954,0.0,1666000.0,10,0.0,1.5888214111328125,german_credit,0.07575344927784364,0.42583827069521324,10,0.10589602007571643,privacy_matched,10,dp_uniform,noniid_alpha=0.5,3.0,0.14971126875263552,3.8723928689956666,10,0.2092819227708354
,0.02076114909538346,0.7676904761904761,10,0.02902208522988923,0.02586401377992715,0.5647285811809979,10,0.036155398184341735,0.027996868592438412,0.696547619047619,10,0.03913692362242289,0.006155597888454216,0.1762315127980118,10,0.00860493249862405,0.02057702483499786,0.7670072604704788,10,0.028764697261947247,0.03127593957781754,0.6723021581441122,10,0.04372074878428213,0.02224354519514844,0.6094670375110438,10,0.031094332086466222,0.02877967287372569,0.4968770351226216,10,0.04023120855171389,0.025866006517420395,0.580711814039542,10,0.036158183839273654,0.04017868402318334,0.48235744903077027,10,0.056165927366944625,0.0,1666000.0,10,0.0,1.5888214111328125,german_credit,0.025514238512097262,0.5824235624894503,10,0.0356664460753988,reference,10,fedavg_iid,iid,,0.269549170296033,2.2648908376693724,10,0.376803757732125
0.1,0.039625162526372215,0.7416904761904762,10,0.055392157669360766,0.04419969573881459,0.5323103147548819,10,0.06178691415266078,0.03627799265764121,0.6729761904761905,10,0.050713136832752574,0.012391281129110018,0.2039395149575546,10,0.017321816600051092,0.1428428004452936,0.7198216602654699,9,0.18583158407820474,0.15726855459528757,0.6801270205096671,9,0.2045987934640415,0.10907007380889919,0.4481496746758048,10,0.15246944971923845,0.0,0.0,10,0.0,0.09706174521730392,0.38408004914252647,10,0.13568296385313147,0.0,0.0,10,0.0,0.0,1666000.0,10,0.0,1.5888214111328125,german_credit,0.03230858056225782,0.5618669332391903,10,0.04516428134236036,reference,10,fedavg_noniid,noniid_alpha=0.1,,0.04974387734940838,2.0677114009857176,10,0.06953714563037879
0.5,0.03198344018634967,0.7603809523809525,10,0.04470976643772134,0.03189335818073287,0.5582872726420232,10,0.04458384047703975,0.03306539757480557,0.6902380952380952,10,0.04622223857491427,0.014075315991781277,0.18996329198652265,10,0.019675935010838766,0.03440658410196454,0.7833220267082333,10,0.04809708806043923,0.05272107197446496,0.665216465503375,10,0.07369897673892631,0.057674317079130524,0.562523397564529,10,0.08062313594281648,0.10646758262877641,0.09484795402274622,10,0.14883141790835214,0.03980517809731313,0.46669455836624907,10,0.05564380208550323,0.08293031105805973,0.0735014005602241,10,0.11592858105351324,0.0,1666000.0,10,0.0,1.5888214111328125,german_credit,0.036521290448103455,0.5733872101956919,10,0.051053243691896,reference,10,fedavg_noniid,noniid_alpha=0.5,,0.034047555484746944,2.0630131483078005,10,0.047595200660999704
0.1,0.03871380647319328,0.7403214285714286,10,0.054118169754307645,0.04294249268007459,0.5307514262866599,10,0.0600294654606641,0.034272742803329516,0.6636904761904762,10,0.04790999082615713,0.012555071896585413,0.2041028623330084,10,0.017550780304887496,0.14101933600399888,0.7149651702630161,9,0.1834593449133345,0.1567672954401699,0.6789646684447294,9,0.20394667951402906,0.10899760276958402,0.447152808353386,10,0.15236814219189299,0.0,0.0,10,0.0,0.09761496206292576,0.37236756415427186,10,0.13645630767771863,0.0,0.0,10,0.0,0.0,1666000.0,10,0.0,1.5888214111328125,german_credit,0.03337135386904478,0.5458767728931567,10,0.04664993598256913,reference,10,fedprox_noniid,noniid_alpha=0.1,,0.056234663678498754,2.421968936920166,10,0.0786106392595801
0.5,0.032031794959242244,0.7604642857142856,10,0.04477736174921942,0.03194635328777481,0.5582185487461484,10,0.04465792252838825,0.031417438810194084,0.6917857142857142,10,0.04391855107177252,0.01407007699740612,0.18994871922265322,10,0.01966861140169863,0.034489657459445065,0.7831500935294085,10,0.04821321660660285,0.0527312481123498,0.6656881636165826,10,0.07371320199879261,0.057718866416395544,0.5625053409932614,10,0.08068541162212017,0.10651675183560484,0.0949235588614559,10,0.14890015171998774,0.03946104384527785,0.46732376588253655,10,0.05516273557289324,0.08284919860610143,0.07531135531135531,10,0.11581519366425441,0.0,1666000.0,10,0.0,1.5888214111328125,german_credit,0.03365297219996559,0.5750890006333648,10,0.04704361126348603,reference,10,fedprox_noniid,noniid_alpha=0.5,,0.05765886472894864,2.419635796546936,10,0.08060153504674275
0.1,0.05954236029548082,0.5973571428571429,10,0.08323448029514283,0.04760874616953124,0.39784215592276606,10,0.06655243805014337,0.04496873197206904,0.5483333333333335,10,0.06286195267792942,0.00917371087833099,0.21296661366634145,10,0.012823963536993542,0.1335302638355498,0.5386173051895468,9,0.1737164237440461,0.16137434173591406,0.4827046235503093,9,0.2099402242246541,0.10897934219182111,0.4122122907085549,10,0.15234261566435123,0.0,0.0,10,0.0,0.10338457380520734,0.3382468490203624,10,0.14452166874990993,0.0,0.0,10,0.0,0.0,1666000.0,10,0.0,1.5888214111328125,german_credit,0.0491964465040273,0.4373264931087353,10,0.068771890076405,privacy_matched,10,full_ha_dp,noniid_alpha=0.1,3.0,0.1234893072852915,3.8861706256866455,10,0.1726261482227227
0.5,0.07641459240071193,0.5899761904761905,10,0.10682023443268114,0.06473701126183945,0.38716325765458304,10,0.0904961016241236,0.06034288980751407,0.5564285714285713,10,0.084353543388449,0.00573045444549453,0.21080935358512187,10,0.008010622945727085,0.10021048050193361,0.5744925865771452,10,0.14008459226864162,0.143601843578567,0.4075938720806048,10,0.2007415352762494,0.0696564522125656,0.45726427829154465,10,0.09737300587925123,0.040334322468364006,0.03185596032089721,10,0.056383494911030375,0.048959941900018566,0.372762959185725,10,0.06844127943711581,0.05027015917453554,0.02222222222222222,10,0.07027283689263066,0.0,1666000.0,10,0.0,1.5888214111328125,german_credit,0.05843787854132643,0.43728609858650114,10,0.08169052126586855,privacy_matched,10,full_ha_dp,noniid_alpha=0.5,3.0,0.11436364800415569,3.8606180906295777,10,0.15986935618682593
0.1,0.06104062062081694,0.6056785714285714,10,0.0853289038098863,0.053886338641330495,0.40422789740830856,10,0.07532790721700088,0.0492450056581148,0.5464285714285715,10,0.06883977109311289,0.008721724993093356,0.21252961517368676,10,0.012192130837184532,0.142412296560644,0.5281306307648441,9,0.18527151931759475,0.15470181146172904,0.47067122896568353,9,0.20125958462086488,0.10738300942905049,0.4105576322625872,10,0.15011109633545744,0.0,0.0,10,0.0,0.10449692842597968,0.34407825075980913,10,0.14607663328783596,0.0,0.0,10,0.0,0.0,1666000.0,10,0.0,1.5888214111328125,german_credit,0.04782464327374798,0.4368511593223435,10,0.06685424139111827,privacy_matched,10,ha_uniform,noniid_alpha=0.1,3.0,0.1119238917776712,3.7812792301177978,10,0.15645881215480362
0.5,0.0750831064662353,0.5892023809523809,10,0.10495894544066807,0.06185495357876676,0.3816572385217939,10,0.08646726279004423,0.056790606952637164,0.5629761904761905,10,0.07938779436842792,0.006434772539044914,0.2119680524959106,10,0.008995191749990316,0.0857711713182884,0.5904597450126176,10,0.11989982986155226,0.09500950027117556,0.47162066318875784,10,0.13281412323811992,0.06553089781744977,0.45656838228700813,10,0.09160587850467734,0.03631351724123468,0.031058687316040258,10,0.05076279677633611,0.05119978608505698,0.3895163703116863,10,0.07157236570508696,0.04646780685760465,0.027407407407407408,10,0.06495751486931482,0.0,1666000.0,10,0.0,1.5888214111328125,german_credit,0.0500387224786249,0.4533317452067826,10,0.0699493107003576,privacy_matched,10,ha_uniform,noniid_alpha=0.5,3.0,0.12927653005299514,3.7887874364852907,10,0.18071612781089483
,0.021246213255743076,0.780047619047619,10,0.029700158169842814,0.038373125859386126,0.6172930227845257,10,0.053641931095038016,0.024519030285618637,0.7126190476190477,10,0.03427524090473838,0.008541608000846046,0.16669757676716573,10,0.011940344643831915,,,,,,,,,,,,,,,,,,,,,,,,,0.0,0.0,10,0.0,0.0,german_credit,0.03146430012767833,0.6002805880475031,10,0.043984058676566656,reference,10,hist_gbdt,iid,,0.029031575767852688,0.09584884643554688,10,0.04058334451631881
,0.019071471390347823,0.7948690476190478,10,0.026660078669400136,0.030266398734010817,0.5961696205207794,10,0.04230950799614444,0.028599853720351467,0.7147619047619048,10,0.0399798387083966,0.006968378906156434,0.16433330241467003,10,0.009741122015910217,,,,,,,,,,,,,,,,,,,,,,,,,0.0,0.0,10,0.0,0.0,german_credit,0.030790219514517974,0.601630934941063,10,0.04304175895524218,reference,10,logistic_regression,iid,,0.07545257992318259,0.536429476737976,10,0.10547543371925235
0.1,0.04969350259825046,0.5871666666666666,10,0.06946672658397518,0.04428241801224159,0.3856254015636563,10,0.06190255191715919,0.04979219596420066,0.5458333333333334,10,0.06960469039633799,0.009973400028948486,0.21796522798680695,10,0.013941851886044486,0.12244211484684092,0.5544576791119878,9,0.15929127746685542,0.13684420642002335,0.5029581567543111,9,0.17802770298316178,0.10571091067726619,0.4130314431384516,10,0.14777366345714602,0.0,0.0,10,0.0,0.12771653332101618,0.3303535526669418,10,0.1785354027505508,0.0,0.0,10,0.0,0.0,1666000.0,10,0.0,1.5888214111328125,german_credit,0.0940038721448955,0.41412522335821533,10,0.13140835205193044,privacy_matched,10,scheduler,noniid_alpha=0.1,3.0,0.12169914806860653,3.849930500984192,10,0.1701236781945461
0.5,0.05764356265762363,0.57675,10,0.08058014422602526,0.049402192166646215,0.3732429730328329,10,0.0690595026805423,0.044065460731577175,0.5540476190476189,10,0.06159926655170282,0.005425186914473593,0.21389327905898786,10,0.007583888362660219,0.08498876812797188,0.5697338025992972,10,0.11880610561877647,0.1400335422762784,0.42104367330143316,10,0.19575339401079447,0.061008742506564365,0.448627470531342,10,0.08528434127895143,0.03243146164929684,0.028008580571320885,10,0.045336057257306266,0.06924485354012519,0.35973219223831215,10,0.0967976306099348,0.027101977601739755,0.01568627450980392,10,0.03788595227761945,0.0,1666000.0,10,0.0,1.5888214111328125,german_credit,0.08051146492507842,0.4215658651172842,10,0.1125472673166459,privacy_matched,10,scheduler,noniid_alpha=0.5,3.0,0.11395111599375672,3.866468334197998,10,0.15929267620100962
,0.021325207513178727,0.7916904761904762,10,0.02981058452733567,0.03957825062953836,0.6347969654759471,10,0.0553265793595113,0.02605581192176186,0.6927380952380953,10,0.03642351349884998,0.010861071522108467,0.16586601186072342,10,0.015182731069189534,,,,,,,,,,,,,,,,,,,,,,,,,0.0,0.0,10,0.0,0.0,german_credit,0.02964934297469113,0.5747747734091643,10,0.04144692352375836,reference,10,xgboost,iid,,0.0035241213813532167,0.058419013023376466,10,0.004926381994571334
,0.002266270480617976,0.863216891687552,10,0.003168027681911992,0.005471595103019509,0.3876987824901911,10,0.007648762536876512,0.0059302545700869475,0.7215253748108743,10,0.008289924260804729,0.00023581729442903991,0.049624848277289024,10,0.0003296498467478046,,,,,,,,,,,,,,,,,,,,,,,,,0.0,0.0,10,0.0,0.0,give_me_some_credit,0.005500157403304405,0.44120494189685483,10,0.007688689879501989,reference,10,centralized_mlp,iid,,0.14482599535218507,52.369964599609375,10,0.20245278145751996
0.1,0.06212375475750559,0.7873357087723628,10,0.08684302092767968,0.0729098629303939,0.28893780487526166,10,0.10192096046051495,0.03105670010142681,0.6744283513399034,10,0.043414273129185416,0.0014625181674154377,0.06589436923017333,10,0.002044459423222897,0.05744113948458207,0.8081454327646178,10,0.0802971761420562,0.12864607689370458,0.6800928436916623,10,0.1798348150647496,0.06397398783951443,0.5039682440568448,10,0.08942946842894836,0.0,0.0,10,0.0,0.05230241767682167,0.329994655129796,10,0.07311373838568097,0.0,0.0,10,0.0,0.0,1540000.0,10,0.0,1.468658447265625,give_me_some_credit,0.06781571692721941,0.3551608743768011,10,0.09479983538220678,privacy_matched,10,dp_uniform,noniid_alpha=0.1,3.0,4.214265173586057,184.1659466743469,10,5.891136491879688
0.5,0.01188491605770912,0.829216666317774,10,0.0166139670396959,0.014755809036865611,0.329712054653677,10,0.02062719869388683,0.01106296817571272,0.7059752698981249,10,0.015464963129737426,0.0001294275465640399,0.06665555058546405,10,0.00018092723433657534,0.03449525219447903,0.8187237396753897,10,0.048221037506893494,0.1759463534997185,0.663423103785631,10,0.24595604239904598,0.041207980385390544,0.3964662966002736,10,0.05760478446553532,0.028496082587369635,0.0299462507677798,10,0.039834776667178926,0.04184599593101806,0.34889465080117466,10,0.058496668698827275,0.04469555323723919,0.045824560167362006,10,0.06248007513883944,0.0,1540000.0,10,0.0,1.468658447265625,give_me_some_credit,0.00986085775771459,0.403063284330701,10,0.013784528639016616,privacy_matched,10,dp_uniform,noniid_alpha=0.5,3.0,2.652446762663376,175.6307267665863,10,3.707864899967303
,0.002451715170894382,0.8620235257542873,10,0.0034272614835626452,0.005493741746941862,0.3851547726541126,10,0.007679721410324105,0.008945198083931655,0.7189316759895226,10,0.012504524677193034,0.00024746973973903316,0.04970137162149804,10,0.0003459388420904778,0.0024742755362316235,0.8621500901091943,10,0.0034587986996688796,0.004165267627329506,0.840986300830313,10,0.005822642645176893,0.005373979174719358,0.39040020720932483,10,0.007512304878492291,0.0065348849910663595,0.33755245906500503,10,0.00913513930789238,0.0048157590585083,0.4399014439505141,10,0.006731966963895913,0.005832402084747989,0.39983175135531523,10,0.008153135918482423,0.0,1540000.0,10,0.0,1.468658447265625,give_me_some_credit,0.004890098745154816,0.4401167919390446,10,0.006835886680088223,reference,10,fedavg_iid,iid,,0.23088632182269964,87.05164589881898,10,0.3227568223496859
0.1,0.1095281681919156,0.7367794195525652,10,0.15310982151013283,0.09313969145041302,0.2696649093759514,10,0.13020031074101515,0.05857504791082004,0.6491995408870216,10,0.08188227082241209,0.003928659234544448,0.06172226519563041,10,0.005491886919182806,0.09422699253280079,0.7568141154215495,10,0.1317202528472363,0.14031656545515755,0.644247380443278,10,0.1961490331337413,0.0568382760220032,0.49795491417992627,10,0.07945443113249212,0.0,0.0,10,0.0,0.08094795415313054,0.33080228740362444,10,0.11315743718346091,0.0,0.0,10,0.0,0.0,1540000.0,10,0.0,1.468658447265625,give_me_some_credit,0.09141336353374113,0.3289479097904919,10,0.12778707071744008,reference,10,fedavg_noniid,noniid_alpha=0.1,,0.20211051560140114,86.49790718555451,10,0.2825310190053515
0.5,0.013649852211676604,0.843979672180506,10,0.019081177657491,0.025836214481088797,0.360828496700235,10,0.03611653744419141,0.013867129476868256,0.7165392555403776,10,0.019384910330472554,0.0041422510429204125,0.059293979420168084,10,0.005790467678784007,0.0354131550144217,0.8327329456639511,10,0.04950417717082739,0.1769314158300214,0.6855915319454562,10,0.2473330645848344,0.04776229515258067,0.4123218210438022,10,0.06676708472757677,0.033252075544299466,0.04187946461915922,10,0.04648319638203292,0.04783478093776774,0.3587928134751198,10,0.06686841286822975,0.04422292065051079,0.04384970740455439,10,0.06181938034051999,0.0,1540000.0,10,0.0,1.468658447265625,give_me_some_credit,0.0185472331856999,0.4188671002840472,10,0.025927244191589885,reference,10,fedavg_noniid,noniid_alpha=0.5,,0.23510279229615236,86.4514943599701,10,0.3286510416382063
0.1,0.03819398204929216,0.8174444483540212,10,0.05339150531652896,0.05519243101562604,0.31477378286201835,10,0.0771536984596129,0.02642820154228155,0.6941274069692709,10,0.036944078293014083,0.004094477628670569,0.062025891325581804,10,0.005723685050630247,0.04150438575862508,0.8299599261038996,10,0.05801913060625653,0.0955440655202917,0.7171355925018583,10,0.13356139392865388,0.057865900061360956,0.5113692415106987,10,0.08089095048493757,0.0,0.0,10,0.0,0.05545531200291139,0.33800611893301047,10,0.07752118074025455,0.0,0.0,10,0.0,0.0,1540000.0,10,0.0,1.468658447265625,give_me_some_credit,0.04702664138567201,0.379800959521592,10,0.06573871167246204,reference,10,fedprox_noniid,noniid_alpha=0.1,,0.3271885975818491,108.32012269496917,10,0.45737812110697945
0.5,0.007272818603287014,0.8521837645571729,10,0.010166699366994799,0.01603671844327702,0.3700398071380483,10,0.02241778657482956,0.01054052098378108,0.7169484442136309,10,0.014734632315065518,0.004030302725201573,0.05863447890601975,10,0.005633974721517912,0.025951199258101257,0.8444907700487623,10,0.036277275078860076,0.1304299081849316,0.7154285633214971,10,0.18232843926309641,0.04431132133527045,0.4160106508187451,10,0.06194295597670893,0.0328267063143269,0.04151396461122144,10,0.04588857120065597,0.044955004500085306,0.359609041084363,10,0.06284276299531251,0.04439937523739489,0.045150618015336694,10,0.06206604684420085,0.0,1540000.0,10,0.0,1.468658447265625,give_me_some_credit,0.011202735270769634,0.42853099323368343,10,0.015660344056218887,reference,10,fedprox_noniid,noniid_alpha=0.5,,0.3998387716229455,107.4983922958374,10,0.5589360615321475
0.1,0.03441144075698807,0.8187606461609862,10,0.04810387719602019,0.05081101965162057,0.31915538311520836,10,0.07102890770505649,0.027248836774583327,0.691938625484868,10,0.03809124724522821,0.0019245487653205696,0.06535461533619889,10,0.002690333663112688,0.04567511633549395,0.8273829028308693,10,0.06384940992830568,0.12484309733760751,0.7050962319459757,10,0.1745186162215402,0.05976961414524901,0.5104500501243786,10,0.083552159271701,0.0,0.0,10,0.0,0.04697237667890323,0.34759367521927864,10,0.06566285484307445,0.0,0.0,10,0.0,0.0,1540000.0,10,0.0,1.468658447265625,give_me_some_credit,0.04419878803794453,0.38611096944450063,10,0.061785645274339406,privacy_matched,10,full_ha_dp,noniid_alpha=0.1,3.0,4.225594531587941,184.61891582012177,10,5.906973842308605
0.5,0.0055684864716722595,0.8487817543122013,10,0.00778420733071531,0.009272613317803605,0.368719295709495,10,0.012962219613987686,0.011388280332482294,0.7104579638597738,10,0.015919718167462436,0.0023027994940321254,0.0641792350926442,10,0.0032190917215659896,0.01435866232100417,0.8407525341703492,10,0.020072025866817046,0.10797505552336602,0.7052054410852605,10,0.15093871970689546,0.03874865891382612,0.41127048022677687,10,0.05416689010682131,0.033602224844124805,0.03767082997865271,10,0.04697267135165185,0.04170962100718316,0.35835489148857647,10,0.058306029700736554,0.04576620320949622,0.04869125683097667,10,0.06397674059812905,0.0,1540000.0,10,0.0,1.468658447265625,give_me_some_credit,0.009486089156546435,0.4273465074085845,10,0.013260638259220291,privacy_matched,10,full_ha_dp,noniid_alpha=0.5,3.0,2.380933242809792,175.87014288902282,10,3.328315170900999
0.1,0.04849580929617165,0.8059898254007773,10,0.06779246679553563,0.061759287594105886,0.30711597498067567,10,0.08633353096490905,0.0293671838671523,0.6864440212203908,10,0.04105249228925592,0.0020775773085487666,0.06525128383916792,10,0.002904252815842153,0.048104644423290724,0.819069440139975,10,0.06724565600835174,0.1261317113258358,0.6917816262755487,10,0.17631997436520405,0.06099203549856683,0.508543922804885,10,0.08526098649219019,0.0,0.0,10,0.0,0.053730414525139755,0.3324147110067318,10,0.07510994033237939,0.0,0.0,10,0.0,0.0,1540000.0,10,0.0,1.468658447265625,give_me_some_credit,0.05427229952182949,0.3713072041904963,10,0.07586744332445727,privacy_matched,10,ha_uniform,noniid_alpha=0.1,3.0,3.3617969715618274,180.0411682844162,10,4.699468116432251
0.5,0.006377463839460288,0.8450355402795031,10,0.008915079712062271,0.01232296865395508,0.36168531116938174,10,0.017226322344549978,0.007822173418869314,0.7057043362303297,10,0.010934644445854853,0.00227851449240075,0.06419143691163856,10,0.00318514363016143,0.022290907298205036,0.8338312675266037,10,0.031160539741218865,0.15644346923664285,0.6772056722767509,10,0.21869289011825493,0.038340217308815136,0.4113293168866508,10,0.05359592811345567,0.030616674242267387,0.034433468175545774,10,0.04279915939298477,0.041150819312420546,0.35244049775335723,10,0.057524878795384524,0.049391531551743625,0.048478469235157154,10,0.06904460016850482,0.0,1540000.0,10,0.0,1.468658447265625,give_me_some_credit,0.010077075803652285,0.4218596528248503,10,0.014086780625581236,privacy_matched,10,ha_uniform,noniid_alpha=0.5,3.0,1.303499250344201,172.63793053627015,10,1.8221663052840475
,0.0019962602340192694,0.8646365609462681,10,0.0027905793839527247,0.0038705239734921027,0.3960752449558834,10,0.005410619427996674,0.010646357840217212,0.7198185149735057,10,0.014882582038553414,0.00018908371411816723,0.04918342362904367,10,0.0002643208062092144,,,,,,,,,,,,,,,,,,,,,,,,,0.0,0.0,10,0.0,0.0,give_me_some_credit,0.004647015072266519,0.4410255796093545,10,0.0064960791366739995,reference,10,hist_gbdt,iid,,0.43368033030143216,0.6218465089797973,10,0.6062432985144075
,0.002281786887830368,0.85695319479476,10,0.0031897181235398036,0.005435725149581186,0.37979832750450115,10,0.007598619799540714,0.008060588633766144,0.716765137522331,10,0.011267925934998283,0.0003378606533762416,0.05131504313227701,10,0.00047229662640839676,,,,,,,,,,,,,,,,,,,,,,,,,0.0,0.0,10,0.0,0.0,give_me_some_credit,0.0044868488652368334,0.43610397234280873,10,0.006272182217962633,reference,10,logistic_regression,iid,,0.03859710028136384,0.32396225929260253,10,0.05395502574765519
0.1,0.04759765691216984,0.8027379194450024,10,0.06653693633726612,0.06282674763273259,0.30080101193840864,10,0.08782573720446704,0.029705165034845913,0.6818491857514635,10,0.0415249573830634,0.0013560612119073606,0.06592473157293925,10,0.0018956428610049144,0.0551412118816619,0.8168684528959513,10,0.07708209904743783,0.12858213953542943,0.6944859987875054,10,0.1797454368009208,0.06259599845859651,0.5058259006447753,10,0.08750317210136334,0.0,0.0,10,0.0,0.05546241806076305,0.3350005716112496,10,0.07753111432416514,0.0,0.0,10,0.0,0.0,1540000.0,10,0.0,1.468658447265625,give_me_some_credit,0.056591287925096226,0.36960400319634334,10,0.07910916558065442,privacy_matched,10,scheduler,noniid_alpha=0.1,3.0,4.049015590427785,184.13247809410095,10,5.660133503336559
0.5,0.008417632365488578,0.8353652660632754,10,0.01176703865584235,0.01332231990321474,0.33949679961798346,10,0.018623319061704686,0.010437881483379962,0.7100026011057372,10,0.014591152187115526,0.0001267909380394909,0.06666203391049517,10,0.00017724150976681493,0.029953698934975542,0.8252267178404511,10,0.04187238381880355,0.1738399493866435,0.6680616254078279,10,0.243011492489145,0.04000261351896927,0.39827249983237617,10,0.055919797773814034,0.0293405750297371,0.03130713821659649,10,0.04101529569942439,0.04155060002514882,0.3531124851578051,10,0.058083733696178336,0.04461574462643183,0.046638020541801085,10,0.062368510393829964,0.0,1540000.0,10,0.0,1.468658447265625,give_me_some_credit,0.00913084676011717,0.4082748757596143,10,0.012764043631482043,privacy_matched,10,scheduler,noniid_alpha=0.5,3.0,2.8930255359499784,175.74027996063234,10,4.044170835190251
,0.0022320603679298087,0.8654677202332623,10,0.0031202052419498,0.0039576323675664885,0.39835964054610823,10,0.005532388566373882,0.011080697225392535,0.7247510443394994,10,0.015489746632254005,0.00019291077626630625,0.04904493827019738,10,0.000269670670194733,,,,,,,,,,,,,,,,,,,,,,,,,0.0,0.0,10,0.0,0.0,give_me_some_credit,0.003174053309368224,0.44268926750138193,10,0.004437020573643501,reference,10,xgboost,iid,,0.11265435189425671,0.46491684913635256,10,0.15747992498739213
