alpha,comparator_cell,comparator_variant,contrast,dataset,difference_ci95,difference_ci95_high,difference_ci95_low,difference_std,mean_difference,mean_improvement,metric,metric_goal,negative_differences,num_pairs,paired_seeds,paired_t_p,paired_t_p_holm_auprc_family,positive_differences,target_cell,target_epsilon,target_variant,ties,wilcoxon_p,wilcoxon_p_holm_auprc_family
0.1,A0,dp_uniform,scheduler_without_ha,default_credit_card_clients,0.006541672424063565,0.020080285350766062,0.006996940502638933,0.009144627484969288,0.013538612926702498,0.013538612926702498,auc,maximize,0,10,"[42, 73, 101, 123, 909, 2026, 4096, 27182, 31415, 65537]",0.00114936473293935,,10,A1,3.0,scheduler,0,0.001953125,
0.1,A0,dp_uniform,ha_under_uniform,default_credit_card_clients,0.01974516514135867,0.019350136605159055,-0.020140193677558284,0.02760183759472996,-0.0003950285361996153,-0.0003950285361996153,auc,maximize,5,10,"[42, 73, 101, 123, 909, 2026, 4096, 27182, 31415, 65537]",0.9648903440681811,,5,A2,3.0,ha_uniform,0,0.6953125,
0.1,A1,scheduler,ha_under_scheduler,default_credit_card_clients,0.017893922961251123,0.01587048217174884,-0.019917363750753408,0.02501397947158811,-0.0020234407895022843,-0.0020234407895022843,auc,maximize,8,10,"[42, 73, 101, 123, 909, 2026, 4096, 27182, 31415, 65537]",0.8038525942576195,,2,A3,3.0,full_ha_dp,0,0.431640625,
0.1,A2,ha_uniform,scheduler_with_ha,default_credit_card_clients,0.00821549246663031,0.02012569314003014,0.003694708206769518,0.011484466561876206,0.011910200673399828,0.011910200673399828,auc,maximize,1,10,"[42, 73, 101, 123, 909, 2026, 4096, 27182, 31415, 65537]",0.009536811249069547,,9,A3,3.0,full_ha_dp,0,0.005859375,
0.1,A0,dp_uniform,full_vs_uniform_dp,default_credit_card_clients,0.013315136387794716,0.024830308524994932,-0.0017999642505945029,0.018613277199579795,0.011515172137200214,0.011515172137200214,auc,maximize,2,10,"[42, 73, 101, 123, 909, 2026, 4096, 27182, 31415, 65537]",0.08212409917286,,8,A3,3.0,full_ha_dp,0,0.064453125,
0.1,A1-A0,scheduler_effect_without_ha,factorial_interaction,default_credit_card_clients,0.003401197104391302,0.0017727848510886329,-0.005029609357693971,0.004754545704276377,-0.001628412253302669,-0.001628412253302669,auc,maximize,6,10,"[42, 73, 101, 123, 909, 2026, 4096, 27182, 31415, 65537]",0.3069405666599003,,4,A3-A2,3.0,scheduler_effect_with_ha,0,0.322265625,
0.1,A0,dp_uniform,scheduler_without_ha,default_credit_card_clients,0.01004691176026648,0.027385536550176337,0.007291713029643376,0.014044614200495662,0.017338624789909857,0.017338624789909857,auprc,maximize,0,10,"[42, 73, 101, 123, 909, 2026, 4096, 27182, 31415, 65537]",0.003597687532030003,0.11152831349293009,10,A1,3.0,scheduler,0,0.001953125,0.0703125
0.1,A0,dp_uniform,ha_under_uniform,default_credit_card_clients,0.018527523170178133,0.012654565156308016,-0.02440048118404825,0.02589969148977521,-0.005872958013870116,-0.005872958013870116,auprc,maximize,5,10,"[42, 73, 101, 123, 909, 2026, 4096, 27182, 31415, 65537]",0.4915196272677155,1.0,5,A2,3.0,ha_uniform,0,0.556640625,1.0
0.1,A1,scheduler,ha_under_scheduler,default_credit_card_clients,0.016081678284835,0.009488156338697226,-0.022675200230972775,0.02248063609956556,-0.0065935219461377755,-0.0065935219461377755,auprc,maximize,7,10,"[42, 73, 101, 123, 909, 2026, 4096, 27182, 31415, 65537]",0.37787481135434575,1.0,3,A3,3.0,full_ha_dp,0,0.322265625,1.0
0.1,A2,ha_uniform,scheduler_with_ha,default_credit_card_clients,0.011868472941605208,0.028486533799247406,0.004749587916036989,0.016590981148364926,0.016618060857642197,0.016618060857642197,auprc,maximize,1,10,"[42, 73, 101, 123, 909, 2026, 4096, 27182, 31415, 65537]",0.01141286923785549,0.3309732078978092,9,A3,3.0,full_ha_dp,0,0.005859375,0.158203125
0.1,A0,dp_uniform,full_vs_uniform_dp,default_credit_card_clients,0.009636456203996255,0.02038155904776834,0.0011086466397758257,0.013470836897398074,0.010745102843772081,0.010745102843772081,auprc,maximize,2,10,"[42, 73, 101, 123, 909, 2026, 4096, 27182, 31415, 65537]",0.032639228814359586,0.787171146305417,8,A3,3.0,full_ha_dp,0,0.048828125,0.927734375
0.1,A1-A0,scheduler_effect_without_ha,factorial_interaction,default_credit_card_clients,0.004449871523752379,0.00372930759148472,-0.005170435456020039,0.0062204914588815195,-0.0007205639322676594,-0.0007205639322676594,auprc,maximize,7,10,"[42, 73, 101, 123, 909, 2026, 4096, 27182, 31415, 65537]",0.7225975166849876,1.0,3,A3-A2,3.0,scheduler_effect_with_ha,0,0.6953125,1.0
0.1,A0,dp_uniform,scheduler_without_ha,default_credit_card_clients,0.012071994763556944,0.02646587834515588,0.002321888818041993,0.016875485037609623,0.014393883581598937,0.014393883581598937,f1,maximize,2,10,"[42, 73, 101, 123, 909, 2026, 4096, 27182, 31415, 65537]",0.02450367819710428,,8,A1,3.0,scheduler,0,0.013671875,
0.1,A0,dp_uniform,ha_under_uniform,default_credit_card_clients,0.02073963476304509,0.02091886862682843,-0.020560400899261748,0.028992010267086366,0.00017923386378334015,0.00017923386378334015,f1,maximize,5,10,"[42, 73, 101, 123, 909, 2026, 4096, 27182, 31415, 65537]",0.9848290843322689,,5,A2,3.0,ha_uniform,0,0.845703125,
0.1,A1,scheduler,ha_under_scheduler,default_credit_card_clients,0.021909346078205397,0.021647903147022904,-0.02217078900938789,0.03062715393504918,-0.00026144293118249284,-0.00026144293118249284,f1,maximize,5,10,"[42, 73, 101, 123, 909, 2026, 4096, 27182, 31415, 65537]",0.9790534522418697,,5,A3,3.0,full_ha_dp,0,0.921875,
0.1,A2,ha_uniform,scheduler_with_ha,default_credit_card_clients,0.010024908437907114,0.02397811522454022,0.003928298348725991,0.014013855676778096,0.013953206786633105,0.013953206786633105,f1,maximize,1,10,"[42, 73, 101, 123, 909, 2026, 4096, 27182, 31415, 65537]",0.011764177686582188,,9,A3,3.0,full_ha_dp,0,0.005859375,
0.1,A0,dp_uniform,full_vs_uniform_dp,default_credit_card_clients,0.01326413302622228,0.027396573676638725,0.0008683076241941638,0.018541979416409633,0.014132440650416444,0.014132440650416444,f1,maximize,3,10,"[42, 73, 101, 123, 909, 2026, 4096, 27182, 31415, 65537]",0.03923329751370857,,7,A3,3.0,full_ha_dp,0,0.037109375,
0.1,A1-A0,scheduler_effect_without_ha,factorial_interaction,default_credit_card_clients,0.010369571611319737,0.009928894816353903,-0.010810248406285571,0.0144956615704899,-0.000440676794965833,-0.000440676794965833,f1,maximize,5,10,"[42, 73, 101, 123, 909, 2026, 4096, 27182, 31415, 65537]",0.9255198765658406,,5,A3-A2,3.0,scheduler_effect_with_ha,0,1.0,
0.1,A0,dp_uniform,scheduler_without_ha,default_credit_card_clients,0.013778075594143471,0.028126040647276987,0.0005698894589900444,0.019260421586491328,0.014347965053133516,0.014347965053133516,balanced_accuracy,maximize,1,10,"[42, 73, 101, 123, 909, 2026, 4096, 27182, 31415, 65537]",0.04290084006426889,,9,A1,3.0,scheduler,0,0.005859375,
0.1,A0,dp_uniform,ha_under_uniform,default_credit_card_clients,0.014286323690576589,0.013102995842854806,-0.015469651538298372,0.01997090343433331,-0.0011833278477217824,-0.0011833278477217824,balanced_accuracy,maximize,6,10,"[42, 73, 101, 123, 909, 2026, 4096, 27182, 31415, 65537]",0.8555241823242525,,4,A2,3.0,ha_uniform,0,0.625,
0.1,A1,scheduler,ha_under_scheduler,default_credit_card_clients,0.014136893056741377,0.014027936071730288,-0.014245850041752465,0.019762013812126115,-0.0001089569850110883,-0.0001089569850110883,balanced_accuracy,maximize,5,10,"[42, 73, 101, 123, 909, 2026, 4096, 27182, 31415, 65537]",0.9864699243346773,,5,A3,3.0,full_ha_dp,0,1.0,
0.1,A2,ha_uniform,scheduler_with_ha,default_credit_card_clients,0.0129672531555074,0.028389589071351612,0.00245508276033681,0.018126969973948585,0.01542233591584421,0.01542233591584421,balanced_accuracy,maximize,1,10,"[42, 73, 101, 123, 909, 2026, 4096, 27182, 31415, 65537]",0.024778242109730706,,9,A3,3.0,full_ha_dp,0,0.00390625,
0.1,A0,dp_uniform,full_vs_uniform_dp,default_credit_card_clients,0.012353628994990748,0.026592637063113177,0.001885379073131679,0.017269182545911015,0.014239008068122427,0.014239008068122427,balanced_accuracy,maximize,2,10,"[42, 73, 101, 123, 909, 2026, 4096, 27182, 31415, 65537]",0.02839147538859196,,8,A3,3.0,full_ha_dp,0,0.009765625,
0.1,A1-A0,scheduler_effect_without_ha,factorial_interaction,default_credit_card_clients,0.004302307851969631,0.005376678714680325,-0.003227936989258937,0.0060142116696637535,0.001074370862710694,0.001074370862710694,balanced_accuracy,maximize,4,10,"[42, 73, 101, 123, 909, 2026, 4096, 27182, 31415, 65537]",0.5859412220379178,,6,A3-A2,3.0,scheduler_effect_with_ha,0,0.556640625,
0.1,A0,dp_uniform,scheduler_without_ha,default_credit_card_clients,0.00023082641280896236,0.0004344028989508222,-2.7249926667102505e-05,0.00032267307532322156,0.00020357648614185986,-0.00020357648614185986,brier,minimize,1,10,"[42, 73, 101, 123, 909, 2026, 4096, 27182, 31415, 65537]",0.07715975771252594,,9,A1,3.0,scheduler,0,0.00390625,
0.1,A0,dp_uniform,ha_under_uniform,default_credit_card_clients,0.013995072037333264,0.0024407777122986227,-0.025549366362367903,0.019563761697383233,-0.011554294325034641,0.011554294325034641,brier,minimize,7,10,"[42, 73, 101, 123, 909, 2026, 4096, 27182, 31415, 65537]",0.09465541968275716,,3,A2,3.0,ha_uniform,0,0.048828125,
0.1,A1,scheduler,ha_under_scheduler,default_credit_card_clients,0.014143571632792229,0.00273342341369392,-0.02555371985189054,0.019771349817684938,-0.011410148219098309,0.011410148219098309,brier,minimize,8,10,"[42, 73, 101, 123, 909, 2026, 4096, 27182, 31415, 65537]",0.10130179928026614,,2,A3,3.0,full_ha_dp,0,0.02734375,
0.1,A2,ha_uniform,scheduler_with_ha,default_credit_card_clients,0.00030005023683873585,0.0006477728289169282,4.767235523945646e-05,0.000419441308704758,0.0003477225920781923,-0.0003477225920781923,brier,minimize,2,10,"[42, 73, 101, 123, 909, 2026, 4096, 27182, 31415, 65537]",0.027739366086421944,,8,A3,3.0,full_ha_dp,0,0.01953125,
0.1,A0,dp_uniform,full_vs_uniform_dp,default_credit_card_clients,0.013950567436225424,0.002743995703268975,-0.025157139169181872,0.019501548554915066,-0.01120657173295645,0.01120657173295645,brier,minimize,7,10,"[42, 73, 101, 123, 909, 2026, 4096, 27182, 31415, 65537]",0.10255703251729201,,3,A3,3.0,full_ha_dp,0,0.064453125,
0.1,A1-A0,scheduler_effect_without_ha,factorial_interaction,default_credit_card_clients,0.00037592485779112673,0.0005200709637274592,-0.00023177875185479425,0.0005255067151015302,0.00014414610593633249,-0.00014414610593633249,brier,minimize,4,10,"[42, 73, 101, 123, 909, 2026, 4096, 27182, 31415, 65537]",0.40824889424143873,,6,A3-A2,3.0,scheduler_effect_with_ha,0,0.322265625,
0.5,A0,dp_uniform,scheduler_without_ha,default_credit_card_clients,0.004482468582990685,0.014297015134707282,0.005332077968725911,0.006266059005606003,0.009814546551716596,0.009814546551716596,auc,maximize,0,10,"[42, 73, 101, 123, 909, 2026, 4096, 27182, 31415, 65537]",0.0007879596634035915,,10,A1,3.0,scheduler,0,0.001953125,
0.5,A0,dp_uniform,ha_under_uniform,default_credit_card_clients,0.025006257146837293,0.05284707690200541,0.0028345626083308186,0.034956337092026175,0.02784081975516811,0.02784081975516811,auc,maximize,1,10,"[42, 73, 101, 123, 909, 2026, 4096, 27182, 31415, 65537]",0.03284497906287104,,9,A2,3.0,ha_uniform,0,0.009765625,
0.5,A1,scheduler,ha_under_scheduler,default_credit_card_clients,0.02071293775320643,0.040651896684655575,-0.0007739788217572818,0.028954690420705937,0.019938958931449147,0.019938958931449147,auc,maximize,2,10,"[42, 73, 101, 123, 909, 2026, 4096, 27182, 31415, 65537]",0.05739593628374756,,8,A3,3.0,full_ha_dp,0,0.01953125,
0.5,A2,ha_uniform,scheduler_with_ha,default_credit_card_clients,0.0020757594302886167,0.003988445158286249,-0.00016307370229098504,0.002901711597263102,0.0019126857279976317,0.0019126857279976317,auc,maximize,3,10,"[42, 73, 101, 123, 909, 2026, 4096, 27182, 31415, 65537]",0.06678276822457603,,7,A3,3.0,full_ha_dp,0,0.10546875,
0.5,A0,dp_uniform,full_vs_uniform_dp,default_credit_card_clients,0.023478995448239975,0.05323250093140572,0.006274510034925768,0.03282137245295941,0.029753505483165743,0.029753505483165743,auc,maximize,1,10,"[42, 73, 101, 123, 909, 2026, 4096, 27182, 31415, 65537]",0.01857652720641502,,9,A3,3.0,full_ha_dp,0,0.00390625,
0.5,A1-A0,scheduler_effect_without_ha,factorial_interaction,default_credit_card_clients,0.00539229314643719,-0.002509567677281775,-0.013294153970156155,0.007537906045636304,-0.007901860823718965,-0.007901860823718965,auc,maximize,10,10,"[42, 73, 101, 123, 909, 2026, 4096, 27182, 31415, 65537]",0.00901235142593065,,0,A3-A2,3.0,scheduler_effect_with_ha,0,0.001953125,
0.5,A0,dp_uniform,scheduler_without_ha,default_credit_card_clients,0.006321757623252847,0.019798354658079012,0.007154839411573319,0.008837207791429205,0.013476597034826166,0.013476597034826166,auprc,maximize,0,10,"[42, 73, 101, 123, 909, 2026, 4096, 27182, 31415, 65537]",0.0009437939757561795,0.030201407224197743,10,A1,3.0,scheduler,0,0.001953125,0.0703125
0.5,A0,dp_uniform,ha_under_uniform,default_credit_card_clients,0.032052125373205516,0.0683685702835968,0.004264319537185771,0.044805781708253965,0.036316444910391286,0.036316444910391286,auprc,maximize,2,10,"[42, 73, 101, 123, 909, 2026, 4096, 27182, 31415, 65537]",0.03053035531457045,0.787171146305417,8,A2,3.0,ha_uniform,0,0.013671875,0.314453125
0.5,A1,scheduler,ha_under_scheduler,default_credit_card_clients,0.026069948461401513,0.051251988944365875,-0.0008879079784371545,0.03644327501861909,0.02518204048296436,0.02518204048296436,auprc,maximize,2,10,"[42, 73, 101, 123, 909, 2026, 4096, 27182, 31415, 65537]",0.056700269295788926,1.0,8,A3,3.0,full_ha_dp,0,0.02734375,0.57421875
0.5,A2,ha_uniform,scheduler_with_ha,default_credit_card_clients,0.002666228691926449,0.005008421299325684,-0.000324036084527214,0.0037271307086114954,0.002342192607399235,0.002342192607399235,auprc,maximize,3,10,"[42, 73, 101, 123, 909, 2026, 4096, 27182, 31415, 65537]",0.07814459627883437,1.0,7,A3,3.0,full_ha_dp,0,0.10546875,1.0
0.5,A0,dp_uniform,full_vs_uniform_dp,default_credit_card_clients,0.029975720051786846,0.06863435756957736,0.008682917466003675,0.04190316721744969,0.03865863751779052,0.03865863751779052,auprc,maximize,1,10,"[42, 73, 101, 123, 909, 2026, 4096, 27182, 31415, 65537]",0.017103330181895228,0.4788932450930664,9,A3,3.0,full_ha_dp,0,0.005859375,0.158203125
0.5,A1-A0,scheduler_effect_without_ha,factorial_interaction,default_credit_card_clients,0.007662497986770255,-0.0034719064406566764,-0.018796902414197188,0.010711433583189801,-0.011134404427426931,-0.011134404427426931,auprc,maximize,10,10,"[42, 73, 101, 123, 909, 2026, 4096, 27182, 31415, 65537]",0.0094211200039761,0.282633600119283,0,A3-A2,3.0,scheduler_effect_with_ha,0,0.001953125,0.0703125
0.5,A0,dp_uniform,scheduler_without_ha,default_credit_card_clients,0.00760072330376783,0.01714777311957742,0.0019463265120417588,0.010625078530928055,0.009547049815809588,0.009547049815809588,f1,maximize,1,10,"[42, 73, 101, 123, 909, 2026, 4096, 27182, 31415, 65537]",0.01935792664640417,,9,A1,3.0,scheduler,0,0.02734375,
0.5,A0,dp_uniform,ha_under_uniform,default_credit_card_clients,0.030526730264048327,0.07497663609060534,0.013923175562508695,0.0426734263813005,0.04444990582655702,0.04444990582655702,f1,maximize,2,10,"[42, 73, 101, 123, 909, 2026, 4096, 27182, 31415, 65537]",0.009319833509856424,,8,A2,3.0,ha_uniform,0,0.009765625,
0.5,A1,scheduler,ha_under_scheduler,default_credit_card_clients,0.03241077397640313,0.07002800591578903,0.005206457962982768,0.04530713788472381,0.037617231939385896,0.037617231939385896,f1,maximize,2,10,"[42, 73, 101, 123, 909, 2026, 4096, 27182, 31415, 65537]",0.027559021478312365,,8,A3,3.0,full_ha_dp,0,0.013671875,
0.5,A2,ha_uniform,scheduler_with_ha,default_credit_card_clients,0.0023058063856372106,0.005020182314275673,0.00040856954300125215,0.0032232950661900705,0.0027143759286384628,0.0027143759286384628,f1,maximize,3,10,"[42, 73, 101, 123, 909, 2026, 4096, 27182, 31415, 65537]",0.025918378987589672,,7,A3,3.0,full_ha_dp,0,0.02734375,
0.5,A0,dp_uniform,full_vs_uniform_dp,default_credit_card_clients,0.02907884272275201,0.0762431244779475,0.018085439032443473,0.040649419163119094,0.047164281755195485,0.047164281755195485,f1,maximize,0,10,"[42, 73, 101, 123, 909, 2026, 4096, 27182, 31415, 65537]",0.005162094081289138,,10,A3,3.0,full_ha_dp,0,0.001953125,
0.5,A1-A0,scheduler_effect_without_ha,factorial_interaction,default_credit_card_clients,0.007156981909866048,0.00032430802269492204,-0.013989655797037173,0.010004770835304835,-0.006832673887171126,-0.006832673887171126,f1,maximize,7,10,"[42, 73, 101, 123, 909, 2026, 4096, 27182, 31415, 65537]",0.059101047442118776,,3,A3-A2,3.0,scheduler_effect_with_ha,0,0.083984375,
0.5,A0,dp_uniform,scheduler_without_ha,default_credit_card_clients,0.01376995218613131,0.02795622742794033,0.0004163230556777104,0.01924906584512061,0.01418627524180902,0.01418627524180902,balanced_accuracy,maximize,0,10,"[42, 73, 101, 123, 909, 2026, 4096, 27182, 31415, 65537]",0.04470672624000282,,10,A1,3.0,scheduler,0,0.001953125,
0.5,A0,dp_uniform,ha_under_uniform,default_credit_card_clients,0.03641045235650023,0.0758038652040551,0.002982960491054648,0.050898302723722776,0.039393412847554876,0.039393412847554876,balanced_accuracy,maximize,2,10,"[42, 73, 101, 123, 909, 2026, 4096, 27182, 31415, 65537]",0.03690858515519319,,8,A2,3.0,ha_uniform,0,0.009765625,
0.5,A1,scheduler,ha_under_scheduler,default_credit_card_clients,0.022624949573730877,0.04980183563099423,0.004551936483532474,0.031627498643452885,0.02717688605726335,0.02717688605726335,balanced_accuracy,maximize,2,10,"[42, 73, 101, 123, 909, 2026, 4096, 27182, 31415, 65537]",0.023713058334694778,,8,A3,3.0,full_ha_dp,0,0.013671875,
0.5,A2,ha_uniform,scheduler_with_ha,default_credit_card_clients,0.0014101144792342819,0.003379862930751777,0.0005596339722832128,0.0019712041184338073,0.0019697484515174947,0.0019697484515174947,balanced_accuracy,maximize,2,10,"[42, 73, 101, 123, 909, 2026, 4096, 27182, 31415, 65537]",0.01155128836806166,,8,A3,3.0,full_ha_dp,0,0.01953125,
0.5,A0,dp_uniform,full_vs_uniform_dp,default_credit_card_clients,0.035551200628674076,0.07691436192774645,0.005811960670398297,0.049697151633080826,0.041363161299072373,0.041363161299072373,balanced_accuracy,maximize,0,10,"[42, 73, 101, 123, 909, 2026, 4096, 27182, 31415, 65537]",0.027270080444609306,,10,A3,3.0,full_ha_dp,0,0.001953125,
0.5,A1-A0,scheduler_effect_without_ha,factorial_interaction,default_credit_card_clients,0.014574614812485669,0.002358088022194142,-0.026791141602777194,0.020373906633849186,-0.012216526790291527,-0.012216526790291527,balanced_accuracy,maximize,8,10,"[42, 73, 101, 123, 909, 2026, 4096, 27182, 31415, 65537]",0.09044257180834901,,2,A3-A2,3.0,scheduler_effect_with_ha,0,0.01953125,
0.5,A0,dp_uniform,scheduler_without_ha,default_credit_card_clients,0.00012089443591785631,0.0002959197121726679,5.4130840336955266e-05,0.00016899876817548585,0.00017502527625481157,-0.00017502527625481157,brier,minimize,2,10,"[42, 73, 101, 123, 909, 2026, 4096, 27182, 31415, 65537]",0.009604990147704915,,8,A1,3.0,scheduler,0,0.01953125,
0.5,A0,dp_uniform,ha_under_uniform,default_credit_card_clients,0.013940025652024261,-0.007547352395910903,-0.03542740369995943,0.019486812156743864,-0.021487378047935164,0.021487378047935164,brier,minimize,10,10,"[42, 73, 101, 123, 909, 2026, 4096, 27182, 31415, 65537]",0.006863294349220428,,0,A2,3.0,ha_uniform,0,0.001953125,
0.5,A1,scheduler,ha_under_scheduler,default_credit_card_clients,0.013581152368535309,-0.007540659821286842,-0.03470296455835746,0.018985141898884072,-0.02112181218982215,0.02112181218982215,brier,minimize,10,10,"[42, 73, 101, 123, 909, 2026, 4096, 27182, 31415, 65537]",0.006534155057243805,,0,A3,3.0,full_ha_dp,0,0.001953125,
0.5,A2,ha_uniform,scheduler_with_ha,default_credit_card_clients,0.001532516275672213,0.002073107410040037,-0.000991925141304389,0.0021423100313190968,0.0005405911343678238,-0.0005405911343678238,brier,minimize,4,10,"[42, 73, 101, 123, 909, 2026, 4096, 27182, 31415, 65537]",0.44543134559624686,,6,A3,3.0,full_ha_dp,0,0.76953125,
0.5,A0,dp_uniform,full_vs_uniform_dp,default_credit_card_clients,0.013611247847248657,-0.007335539066318682,-0.034558034760815995,0.019027212477166627,-0.02094678691356734,0.02094678691356734,brier,minimize,10,10,"[42, 73, 101, 123, 909, 2026, 4096, 27182, 31415, 65537]",0.0069242940576379735,,0,A3,3.0,full_ha_dp,0,0.001953125,
0.5,A1-A0,scheduler_effect_without_ha,factorial_interaction,default_credit_card_clients,0.0015184614506935843,0.0018840273088065965,-0.001152895592580572,0.0021226627407694787,0.0003655658581130122,-0.0003655658581130122,brier,minimize,5,10,"[42, 73, 101, 123, 909, 2026, 4096, 27182, 31415, 65537]",0.5992550119439364,,5,A3-A2,3.0,scheduler_effect_with_ha,0,1.0,
0.1,A0,dp_uniform,scheduler_without_ha,german_credit,0.017442899271199606,0.01422861355691388,-0.02065718498548533,0.024383491827901522,-0.003214285714285725,-0.003214285714285725,auc,maximize,6,10,"[42, 73, 101, 123, 909, 2026, 4096, 27182, 31415, 65537]",0.6865487828522143,,4,A1,3.0,scheduler,0,0.865234375,
0.1,A0,dp_uniform,ha_under_uniform,german_credit,0.03534893992992318,0.05064655897754224,-0.020051320882304123,0.04941441067250891,0.01529761904761906,0.01529761904761906,auc,maximize,3,10,"[42, 73, 101, 123, 909, 2026, 4096, 27182, 31415, 65537]",0.3531742212160922,,7,A2,3.0,ha_uniform,0,0.232421875,
0.1,A1,scheduler,ha_under_scheduler,german_credit,0.03395702758915724,0.04414750377963345,-0.023766551398681023,0.047468651389116136,0.010190476190476217,0.010190476190476217,auc,maximize,4,10,"[42, 73, 101, 123, 909, 2026, 4096, 27182, 31415, 65537]",0.5142958068303791,,6,A3,3.0,full_ha_dp,0,0.4921875,
0.1,A2,ha_uniform,scheduler_with_ha,german_credit,0.01407502911694549,0.005753600545516923,-0.02239645768837406,0.019675533987470736,-0.008321428571428568,-0.008321428571428568,auc,maximize,7,10,"[42, 73, 101, 123, 909, 2026, 4096, 27182, 31415, 65537]",0.21389632128010655,,3,A3,3.0,full_ha_dp,0,0.232421875,
0.1,A0,dp_uniform,full_vs_uniform_dp,german_credit,0.03473848922429533,0.04171467970048582,-0.02776229874810484,0.04856105942851071,0.006976190476190492,0.006976190476190492,auc,maximize,3,10,"[42, 73, 101, 123, 909, 2026, 4096, 27182, 31415, 65537]",0.6603800861015059,,7,A3,3.0,full_ha_dp,0,0.431640625,
0.1,A1-A0,scheduler_effect_without_ha,factorial_interaction,german_credit,0.02347924992875308,0.018372107071610237,-0.02858639278589592,0.03282172819218688,-0.005107142857142843,-0.005107142857142843,auc,maximize,5,10,"[42, 73, 101, 123, 909, 2026, 4096, 27182, 31415, 65537]",0.6344570475285506,,5,A3-A2,3.0,scheduler_effect_with_ha,0,0.76953125,
0.1,A0,dp_uniform,scheduler_without_ha,german_credit,0.021237376290582144,0.01457647824864151,-0.027898274332522777,0.029687804944359207,-0.0066608980419406326,-0.0066608980419406326,auprc,maximize,7,10,"[42, 73, 101, 123, 909, 2026, 4096, 27182, 31415, 65537]",0.49598071572835645,1.0,3,A1,3.0,scheduler,0,0.275390625,1.0
0.1,A0,dp_uniform,ha_under_uniform,german_credit,0.02861748706421056,0.04055908486692222,-0.016675889261498905,0.040004488423401076,0.011941597802711656,0.011941597802711656,auprc,maximize,3,10,"[42, 73, 101, 123, 909, 2026, 4096, 27182, 31415, 65537]",0.369839134526608,1.0,7,A2,3.0,ha_uniform,0,0.375,1.0
0.1,A1,scheduler,ha_under_scheduler,german_credit,0.026991799885920886,0.03920855424503071,-0.014775045526811059,0.037731934451137934,0.012216754359109827,0.012216754359109827,auprc,maximize,4,10,"[42, 73, 101, 123, 909, 2026, 4096, 27182, 31415, 65537]",0.33262596983447756,1.0,6,A3,3.0,full_ha_dp,0,0.375,1.0
0.1,A2,ha_uniform,scheduler_with_ha,german_credit,0.011961813872759986,0.005576072387217523,-0.018347555358302448,0.016721462772814773,-0.0063857414855424625,-0.0063857414855424625,auprc,maximize,5,10,"[42, 73, 101, 123, 909, 2026, 4096, 27182, 31415, 65537]",0.257963049118657,1.0,5,A3,3.0,full_ha_dp,0,0.556640625,1.0
0.1,A0,dp_uniform,full_vs_uniform_dp,german_credit,0.0221415124698722,0.027697368787041394,-0.016585656152703004,0.030951700171652632,0.005555856317169194,0.005555856317169194,auprc,maximize,3,10,"[42, 73, 101, 123, 909, 2026, 4096, 27182, 31415, 65537]",0.5841651210447437,1.0,7,A3,3.0,full_ha_dp,0,0.232421875,1.0
0.1,A1-A0,scheduler_effect_without_ha,factorial_interaction,german_credit,0.02400642914490708,0.024281585701305248,-0.02373127258850891,0.033558673920593106,0.0002751565563981706,0.0002751565563981706,auprc,maximize,4,10,"[42, 73, 101, 123, 909, 2026, 4096, 27182, 31415, 65537]",0.979880285963804,1.0,6,A3-A2,3.0,scheduler_effect_with_ha,0,0.76953125,1.0
0.1,A0,dp_uniform,scheduler_without_ha,german_credit,0.013652026887258058,0.019269239623249432,-0.008034814151266684,0.019084217644332883,0.005617212735991373,0.005617212735991373,f1,maximize,3,10,"[42, 73, 101, 123, 909, 2026, 4096, 27182, 31415, 65537]",0.3762598742790103,,6,A1,3.0,scheduler,1,0.42578125,
0.1,A0,dp_uniform,ha_under_uniform,german_credit,0.06205427900607352,0.09039742770619294,-0.03371113030595411,0.08674590052407347,0.028343148700119412,0.028343148700119412,f1,maximize,4,10,"[42, 73, 101, 123, 909, 2026, 4096, 27182, 31415, 65537]",0.32845853351984966,,6,A2,3.0,ha_uniform,0,0.322265625,
0.1,A1,scheduler,ha_under_scheduler,german_credit,0.04912720815047623,0.07232847790099617,-0.02592593839995628,0.06867510153215321,0.02320126975051995,0.02320126975051995,f1,maximize,4,10,"[42, 73, 101, 123, 909, 2026, 4096, 27182, 31415, 65537]",0.31318017175619633,,5,A3,3.0,full_ha_dp,1,0.42578125,
0.1,A2,ha_uniform,scheduler_with_ha,german_credit,0.02394271455654453,0.024418048342936437,-0.02346738077015262,0.033469607067628956,0.00047533378639190714,0.00047533378639190714,f1,maximize,3,10,"[42, 73, 101, 123, 909, 2026, 4096, 27182, 31415, 65537]",0.9651593149035504,,6,A3,3.0,full_ha_dp,1,1.0,
0.1,A0,dp_uniform,full_vs_uniform_dp,german_credit,0.05106727912737454,0.07988576161388586,-0.02224879664086322,0.07138713375083698,0.02881848248651132,0.02881848248651132,f1,maximize,4,10,"[42, 73, 101, 123, 909, 2026, 4096, 27182, 31415, 65537]",0.23370130436947253,,6,A3,3.0,full_ha_dp,0,0.275390625,
0.1,A1-A0,scheduler_effect_without_ha,factorial_interaction,german_credit,0.021933605549820014,0.016791726600220543,-0.027075484499419485,0.0306610663379512,-0.005141878949599471,-0.005141878949599471,f1,maximize,5,10,"[42, 73, 101, 123, 909, 2026, 4096, 27182, 31415, 65537]",0.6087265156143107,,5,A3-A2,3.0,scheduler_effect_with_ha,0,0.76953125,
0.1,A0,dp_uniform,scheduler_without_ha,german_credit,0.011449925553679434,0.016092782696536582,-0.006807068410822285,0.016005892244599456,0.004642857142857148,0.004642857142857148,balanced_accuracy,maximize,3,10,"[42, 73, 101, 123, 909, 2026, 4096, 27182, 31415, 65537]",0.3829148308757164,,6,A1,3.0,scheduler,1,0.5703125,
0.1,A0,dp_uniform,ha_under_uniform,german_credit,0.02595588023961949,0.03119397547771475,-0.020717785001524235,0.03628381863981413,0.005238095238095259,0.005238095238095259,balanced_accuracy,maximize,4,10,"[42, 73, 101, 123, 909, 2026, 4096, 27182, 31415, 65537]",0.6588331690076726,,6,A2,3.0,ha_uniform,0,0.625,
0.1,A1,scheduler,ha_under_scheduler,german_credit,0.02186900058618507,0.024369000586185078,-0.01936900058618506,0.030570754826181164,0.002500000000000008,0.002500000000000008,balanced_accuracy,maximize,3,10,"[42, 73, 101, 123, 909, 2026, 4096, 27182, 31415, 65537]",0.8017585177002848,,6,A3,3.0,full_ha_dp,1,0.734375,
0.1,A2,ha_uniform,scheduler_with_ha,german_credit,0.013632940775889921,0.01553770268065182,-0.011728178871128023,0.01905753710038571,0.001904761904761898,0.001904761904761898,balanced_accuracy,maximize,4,10,"[42, 73, 101, 123, 909, 2026, 4096, 27182, 31415, 65537]",0.7591615133082406,,5,A3,3.0,full_ha_dp,1,0.65234375,
0.1,A0,dp_uniform,full_vs_uniform_dp,german_credit,0.025077305097311164,0.03222016224016832,-0.017934447954454008,0.03505565527834565,0.0071428571428571565,0.0071428571428571565,balanced_accuracy,maximize,5,10,"[42, 73, 101, 123, 909, 2026, 4096, 27182, 31415, 65537]",0.5354309829454074,,5,A3,3.0,full_ha_dp,0,0.6953125,
0.1,A1-A0,scheduler_effect_without_ha,factorial_interaction,german_credit,0.01597292848618354,0.013234833248088287,-0.01871102372427879,0.022328614363644503,-0.0027380952380952504,-0.0027380952380952504,balanced_accuracy,maximize,4,10,"[42, 73, 101, 123, 909, 2026, 4096, 27182, 31415, 65537]",0.7071899465666762,,6,A3-A2,3.0,scheduler_effect_with_ha,0,0.845703125,
0.1,A0,dp_uniform,scheduler_without_ha,german_credit,0.0014642479837467313,0.0012709885611810643,-0.0016575074063123983,0.0020468775397138586,-0.00019325942256566696,0.00019325942256566696,brier,minimize,4,10,"[42, 73, 101, 123, 909, 2026, 4096, 27182, 31415, 65537]",0.7720455246607006,,6,A1,3.0,scheduler,0,0.921875,
0.1,A0,dp_uniform,ha_under_uniform,german_credit,0.003949338104664673,-0.0016795341310211773,-0.009578210340350522,0.005520793986336445,-0.00562887223568585,0.00562887223568585,brier,minimize,9,10,"[42, 73, 101, 123, 909, 2026, 4096, 27182, 31415, 65537]",0.01041928413899759,,1,A2,3.0,ha_uniform,0,0.009765625,
0.1,A1,scheduler,ha_under_scheduler,german_credit,0.002237170708513709,-0.0027614436119517767,-0.0072357850289791956,0.0031273490054909378,-0.004998614320465486,0.004998614320465486,brier,minimize,10,10,"[42, 73, 101, 123, 909, 2026, 4096, 27182, 31415, 65537]",0.0006861941285130766,,0,A3,3.0,full_ha_dp,0,0.001953125,
0.1,A2,ha_uniform,scheduler_with_ha,german_credit,0.002203882514739604,0.002640881007394301,-0.001766884022084907,0.0030808153193051394,0.00043699849265469717,-0.00043699849265469717,brier,minimize,5,10,"[42, 73, 101, 123, 909, 2026, 4096, 27182, 31415, 65537]",0.6643583093094165,,5,A3,3.0,full_ha_dp,0,0.76953125,
0.1,A0,dp_uniform,full_vs_uniform_dp,german_credit,0.0026833086888724492,-0.0025085650541587035,-0.007875182431903601,0.0037510068979695935,-0.005191873743031153,0.005191873743031153,brier,minimize,10,10,"[42, 73, 101, 123, 909, 2026, 4096, 27182, 31415, 65537]",0.0017788766286521076,,0,A3,3.0,full_ha_dp,0,0.001953125,
0.1,A1-A0,scheduler_effect_without_ha,factorial_interaction,german_credit,0.003308471932906814,0.003938729848127178,-0.0026782140176864503,0.004624924852491381,0.0006302579152203641,-0.0006302579152203641,brier,minimize,4,10,"[42, 73, 101, 123, 909, 2026, 4096, 27182, 31415, 65537]",0.676651305773186,,6,A3-A2,3.0,scheduler_effect_with_ha,0,0.625,
0.5,A0,dp_uniform,scheduler_without_ha,german_credit,0.00730218999878801,0.0024569519035499135,-0.012147428094026108,0.0102077577467422,-0.004845238095238097,-0.004845238095238097,auc,maximize,7,10,"[42, 73, 101, 123, 909, 2026, 4096, 27182, 31415, 65537]",0.1675929451250769,,3,A1,3.0,scheduler,0,0.193359375,
0.5,A0,dp_uniform,ha_under_uniform,german_credit,0.026656284931206906,0.03426342778834975,-0.01904914207406406,0.03726291688535316,0.007607142857142845,0.007607142857142845,auc,maximize,4,10,"[42, 73, 101, 123, 909, 2026, 4096, 27182, 31415, 65537]",0.5346670484851109,,6,A2,3.0,ha_uniform,0,0.556640625,
0.5,A1,scheduler,ha_under_scheduler,german_credit,0.023361266701624528,0.03658745717781496,-0.010135076225434091,0.032656799013282056,0.013226190476190437,0.013226190476190437,auc,maximize,4,10,"[42, 73, 101, 123, 909, 2026, 4096, 27182, 31415, 65537]",0.23230294287201939,,6,A3,3.0,full_ha_dp,0,0.322265625,
0.5,A2,ha_uniform,scheduler_with_ha,german_credit,0.008528563990823928,0.00930237351463342,-0.007754754467014434,0.01192211037515718,0.0007738095238094933,0.0007738095238094933,auc,maximize,5,10,"[42, 73, 101, 123, 909, 2026, 4096, 27182, 31415, 65537]",0.8419447531612274,,5,A3,3.0,full_ha_dp,0,0.921875,
0.5,A0,dp_uniform,full_vs_uniform_dp,german_credit,0.025827097714807453,0.03420805009575979,-0.017446145333855113,0.03610379308371201,0.00838095238095234,0.00838095238095234,auc,maximize,4,10,"[42, 73, 101, 123, 909, 2026, 4096, 27182, 31415, 65537]",0.48158837219954975,,6,A3,3.0,full_ha_dp,0,0.431640625,
0.5,A1-A0,scheduler_effect_without_ha,factorial_interaction,german_credit,0.014276566710635904,0.019895614329683495,-0.008657519091588312,0.019957264116869523,0.00561904761904759,0.00561904761904759,auc,maximize,4,10,"[42, 73, 101, 123, 909, 2026, 4096, 27182, 31415, 65537]",0.39645326042705653,,6,A3-A2,3.0,scheduler_effect_with_ha,0,0.4921875,
0.5,A0,dp_uniform,scheduler_without_ha,german_credit,0.007666922770888441,0.005842232759912681,-0.009491612781864202,0.010717619004873924,-0.0018246900109757601,-0.0018246900109757601,auprc,maximize,6,10,"[42, 73, 101, 123, 909, 2026, 4096, 27182, 31415, 65537]",0.6033714707807944,1.0,4,A1,3.0,scheduler,0,0.431640625,1.0
0.5,A0,dp_uniform,ha_under_uniform,german_credit,0.023332705666851073,0.029922281144836332,-0.016743130188865814,0.03261687343971959,0.00658957547798526,0.00658957547798526,auprc,maximize,4,10,"[42, 73, 101, 123, 909, 2026, 4096, 27182, 31415, 65537]",0.5388219276734321,1.0,6,A2,3.0,ha_uniform,0,0.4921875,1.0
0.5,A1,scheduler,ha_under_scheduler,german_credit,0.021979260434896827,0.035899545056646914,-0.008058975813146744,0.030724887466529998,0.013920284621750083,0.013920284621750083,auprc,maximize,4,10,"[42, 73, 101, 123, 909, 2026, 4096, 27182, 31415, 65537]",0.18574675324042614,1.0,6,A3,3.0,full_ha_dp,0,0.16015625,1.0
0.5,A2,ha_uniform,scheduler_with_ha,german_credit,0.009887957577027847,0.01539397670981691,-0.004381938444238783,0.013822411574214977,0.005506019132789064,0.005506019132789064,auprc,maximize,4,10,"[42, 73, 101, 123, 909, 2026, 4096, 27182, 31415, 65537]",0.23947581888284364,1.0,6,A3,3.0,full_ha_dp,0,0.322265625,1.0
0.5,A0,dp_uniform,full_vs_uniform_dp,german_credit,0.02349221550291451,0.035587810113688834,-0.011396620892140184,0.03283985281508895,0.012095594610774325,0.012095594610774325,auprc,maximize,3,10,"[42, 73, 101, 123, 909, 2026, 4096, 27182, 31415, 65537]",0.27407039601072836,1.0,7,A3,3.0,full_ha_dp,0,0.275390625,1.0
0.5,A1-A0,scheduler_effect_without_ha,factorial_interaction,german_credit,0.015612445850430935,0.02294315499419576,-0.00828173670666611,0.02182469438644856,0.007330709143764824,0.007330709143764824,auprc,maximize,3,10,"[42, 73, 101, 123, 909, 2026, 4096, 27182, 31415, 65537]",0.3158237091661764,1.0,7,A3-A2,3.0,scheduler_effect_with_ha,0,0.431640625,1.0
0.5,A0,dp_uniform,scheduler_without_ha,german_credit,0.04206198290890027,0.03778957733097124,-0.0463343884868293,0.05879859767452342,-0.004272405577929034,-0.004272405577929034,f1,maximize,6,10,"[42, 73, 101, 123, 909, 2026, 4096, 27182, 31415, 65537]",0.8234027109378633,,2,A1,3.0,scheduler,2,0.4609375,
0.5,A0,dp_uniform,ha_under_uniform,german_credit,0.042046541134869414,0.06954001564643883,-0.014553066623299998,0.05877701156288936,0.027493474511569416,0.027493474511569416,f1,maximize,2,10,"[42, 73, 101, 123, 909, 2026, 4096, 27182, 31415, 65537]",0.1732182196908462,,6,A2,3.0,ha_uniform,2,0.1953125,
0.5,A1,scheduler,ha_under_scheduler,german_credit,0.05599997775040158,0.07172021121961848,-0.04027974428118468,0.07828257095390975,0.015720233469216898,0.015720233469216898,f1,maximize,5,10,"[42, 73, 101, 123, 909, 2026, 4096, 27182, 31415, 65537]",0.5412151133170526,,5,A3,3.0,full_ha_dp,0,0.556640625,
0.5,A2,ha_uniform,scheduler_with_ha,german_credit,0.023283552243995788,0.007237905623714236,-0.03932919886427734,0.032548161692557,-0.016045646620281552,-0.016045646620281552,f1,maximize,6,10,"[42, 73, 101, 123, 909, 2026, 4096, 27182, 31415, 65537]",0.1534390410199215,,4,A3,3.0,full_ha_dp,0,0.232421875,
0.5,A0,dp_uniform,full_vs_uniform_dp,german_credit,0.03301203977887775,0.04445986767016561,-0.021564211887589883,0.04614764951946354,0.011447827891287862,0.011447827891287862,f1,maximize,4,10,"[42, 73, 101, 123, 909, 2026, 4096, 27182, 31415, 65537]",0.45291955583610466,,6,A3,3.0,full_ha_dp,0,0.322265625,
0.5,A1-A0,scheduler_effect_without_ha,factorial_interaction,german_credit,0.040995489311456704,0.02922224826910419,-0.05276873035380922,0.05730774242658239,-0.011773241042352514,-0.011773241042352514,f1,maximize,4,10,"[42, 73, 101, 123, 909, 2026, 4096, 27182, 31415, 65537]",0.5321437907946878,,6,A3-A2,3.0,scheduler_effect_with_ha,0,0.76953125,
0.5,A0,dp_uniform,scheduler_without_ha,german_credit,0.013942700332386846,0.012276033665720186,-0.015609366999053506,0.019490551102073383,-0.0016666666666666607,-0.0016666666666666607,balanced_accuracy,maximize,6,10,"[42, 73, 101, 123, 909, 2026, 4096, 27182, 31415, 65537]",0.7929427658549533,,2,A1,3.0,scheduler,2,0.3828125,
0.5,A0,dp_uniform,ha_under_uniform,german_credit,0.022285110599487283,0.02954701536139204,-0.015023205837582525,0.031152436515165926,0.0072619047619047585,0.0072619047619047585,balanced_accuracy,maximize,3,10,"[42, 73, 101, 123, 909, 2026, 4096, 27182, 31415, 65537]",0.4798036489290365,,5,A2,3.0,ha_uniform,2,0.4375,
0.5,A1,scheduler,ha_under_scheduler,german_credit,0.03214652166493146,0.034527474045883834,-0.02976556928397909,0.04493773862505416,0.0023809523809523725,0.0023809523809523725,balanced_accuracy,maximize,5,10,"[42, 73, 101, 123, 909, 2026, 4096, 27182, 31415, 65537]",0.8706431715126128,,5,A3,3.0,full_ha_dp,0,0.6953125,
0.5,A2,ha_uniform,scheduler_with_ha,german_credit,0.019358515819634138,0.012810896772015091,-0.025906134867253183,0.02706133911280039,-0.006547619047619047,-0.006547619047619047,balanced_accuracy,maximize,6,10,"[42, 73, 101, 123, 909, 2026, 4096, 27182, 31415, 65537]",0.4637855847359498,,4,A3,3.0,full_ha_dp,0,0.322265625,
0.5,A0,dp_uniform,full_vs_uniform_dp,german_credit,0.02652401741970402,0.02723830313398973,-0.025809731705418306,0.03707801965378153,0.0007142857142857118,0.0007142857142857118,balanced_accuracy,maximize,5,10,"[42, 73, 101, 123, 909, 2026, 4096, 27182, 31415, 65537]",0.9527547799643141,,5,A3,3.0,full_ha_dp,0,0.94921875,
0.5,A1-A0,scheduler_effect_without_ha,factorial_interaction,german_credit,0.022989934721364243,0.018108982340411858,-0.027870887102316628,0.032137712698252704,-0.004880952380952386,-0.004880952380952386,balanced_accuracy,maximize,5,10,"[42, 73, 101, 123, 909, 2026, 4096, 27182, 31415, 65537]",0.6424902714868044,,5,A3-A2,3.0,scheduler_effect_with_ha,0,0.76953125,
0.5,A0,dp_uniform,scheduler_without_ha,german_credit,0.0017853564294040888,0.00042309556861627154,-0.0031476172901919062,0.002495756194507458,-0.0013622608607878172,0.0013622608607878172,brier,minimize,8,10,"[42, 73, 101, 123, 909, 2026, 4096, 27182, 31415, 65537]",0.11841323255665427,,2,A1,3.0,scheduler,0,0.02734375,
0.5,A0,dp_uniform,ha_under_uniform,german_credit,0.0015014848973509216,-0.001786002526514188,-0.004788972321216031,0.002098931155597728,-0.0032874874238651096,0.0032874874238651096,brier,minimize,10,10,"[42, 73, 101, 123, 909, 2026, 4096, 27182, 31415, 65537]",0.0007880811254475622,,0,A2,3.0,ha_uniform,0,0.001953125,
0.5,A1,scheduler,ha_under_scheduler,german_credit,0.0017683137414232775,-0.0013156117324427175,-0.004852239215289272,0.0024719321594864146,-0.003083925473865995,0.003083925473865995,brier,minimize,9,10,"[42, 73, 101, 123, 909, 2026, 4096, 27182, 31415, 65537]",0.0033792874460121343,,1,A3,3.0,full_ha_dp,0,0.009765625,
0.5,A2,ha_uniform,scheduler_with_ha,german_credit,0.002311837896706138,0.0011531389859174355,-0.0034705368074948403,0.003231726537275953,-0.0011586989107887024,0.0011586989107887024,brier,minimize,5,10,"[42, 73, 101, 123, 909, 2026, 4096, 27182, 31415, 65537]",0.2861757782354225,,5,A3,3.0,full_ha_dp,0,0.556640625,
0.5,A0,dp_uniform,full_vs_uniform_dp,german_credit,0.0028423247015549645,-0.0016038616330988475,-0.0072885110362087766,0.00397329595585297,-0.004446186334653812,0.004446186334653812,brier,minimize,10,10,"[42, 73, 101, 123, 909, 2026, 4096, 27182, 31415, 65537]",0.006327557707119678,,0,A3,3.0,full_ha_dp,0,0.001953125,
0.5,A1-A0,scheduler_effect_without_ha,factorial_interaction,german_credit,0.0007903669101512232,0.000993928860150338,-0.0005868049601521084,0.0011048567554670476,0.0002035619499991148,-0.0002035619499991148,brier,minimize,5,10,"[42, 73, 101, 123, 909, 2026, 4096, 27182, 31415, 65537]",0.5744491995098688,,5,A3-A2,3.0,scheduler_effect_with_ha,0,0.556640625,
0.1,A0,dp_uniform,scheduler_without_ha,give_me_some_credit,0.017539984479088725,0.03294219515172847,-0.002137773806448976,0.02451920759030824,0.015402210672639749,0.015402210672639749,auc,maximize,1,10,"[42, 73, 101, 123, 909, 2026, 4096, 27182, 31415, 65537]",0.07824332671923045,,9,A1,3.0,scheduler,0,0.00390625,
0.1,A0,dp_uniform,ha_under_uniform,give_me_some_credit,0.023991165598677176,0.04264528222709185,-0.005337048970262503,0.03353733695424508,0.018654116628414673,0.018654116628414673,auc,maximize,2,10,"[42, 73, 101, 123, 909, 2026, 4096, 27182, 31415, 65537]",0.11245338437389597,,8,A2,3.0,ha_uniform,0,0.009765625,
0.1,A1,scheduler,ha_under_scheduler,give_me_some_credit,0.02138609809517996,0.03740882481116367,-0.005363371379196246,0.029895703691617877,0.016022726715983714,0.016022726715983714,auc,maximize,2,10,"[42, 73, 101, 123, 909, 2026, 4096, 27182, 31415, 65537]",0.12434721401623675,,8,A3,3.0,full_ha_dp,0,0.013671875,
0.1,A2,ha_uniform,scheduler_with_ha,give_me_some_credit,0.015126800133824857,0.027897620894033647,-0.0023559793736160663,0.021145808486919698,0.01277082076020879,0.01277082076020879,auc,maximize,1,10,"[42, 73, 101, 123, 909, 2026, 4096, 27182, 31415, 65537]",0.08848579523839983,,9,A3,3.0,full_ha_dp,0,0.00390625,
0.1,A0,dp_uniform,full_vs_uniform_dp,give_me_some_credit,0.03192975188369394,0.06335468927231741,-0.00050481449507047,0.044634715365723165,0.03142493738862347,0.03142493738862347,auc,maximize,1,10,"[42, 73, 101, 123, 909, 2026, 4096, 27182, 31415, 65537]",0.053008092555139726,,9,A3,3.0,full_ha_dp,0,0.00390625,
0.1,A1-A0,scheduler_effect_without_ha,factorial_interaction,give_me_some_credit,0.0040874926923620625,0.0014561027799311031,-0.006718882604793022,0.005713920782961851,-0.0026313899124309594,-0.0026313899124309594,auc,maximize,8,10,"[42, 73, 101, 123, 909, 2026, 4096, 27182, 31415, 65537]",0.1792916990628585,,2,A3-A2,3.0,scheduler_effect_with_ha,0,0.064453125,
0.1,A0,dp_uniform,scheduler_without_ha,give_me_some_credit,0.012045027307139591,0.023908234370286528,-0.00018182024399265515,0.01683778713298103,0.011863207063146936,0.011863207063146936,auprc,maximize,2,10,"[42, 73, 101, 123, 909, 2026, 4096, 27182, 31415, 65537]",0.05286828891195068,1.0,8,A1,3.0,scheduler,0,0.037109375,0.7421875
0.1,A0,dp_uniform,ha_under_uniform,give_me_some_credit,0.019756273402645387,0.0379344435080594,-0.0015781032972313723,0.027617365873262998,0.018178170105414015,0.018178170105414015,auprc,maximize,2,10,"[42, 73, 101, 123, 909, 2026, 4096, 27182, 31415, 65537]",0.06710625661075303,1.0,8,A2,3.0,ha_uniform,0,0.009765625,0.244140625
0.1,A1,scheduler,ha_under_scheduler,give_me_some_credit,0.019867621011018553,0.03822199218781824,-0.0015132498342188654,0.02777301909676732,0.018354371176799687,0.018354371176799687,auprc,maximize,2,10,"[42, 73, 101, 123, 909, 2026, 4096, 27182, 31415, 65537]",0.0661987690954923,1.0,8,A3,3.0,full_ha_dp,0,0.013671875,0.314453125
0.1,A2,ha_uniform,scheduler_with_ha,give_me_some_credit,0.01190231126833225,0.023941719402864853,0.00013709686620035598,0.016638283867390597,0.012039408134532605,0.012039408134532605,auprc,maximize,1,10,"[42, 73, 101, 123, 909, 2026, 4096, 27182, 31415, 65537]",0.047914446790341084,1.0,9,A3,3.0,full_ha_dp,0,0.00390625,0.109375
0.1,A0,dp_uniform,full_vs_uniform_dp,give_me_some_credit,0.026380078819645655,0.05659765705959228,0.003837499420300969,0.036876807365407105,0.030217578239946623,0.030217578239946623,auprc,maximize,0,10,"[42, 73, 101, 123, 909, 2026, 4096, 27182, 31415, 65537]",0.02915448690020063,0.787171146305417,10,A3,3.0,full_ha_dp,0,0.001953125,0.0703125
0.1,A1-A0,scheduler_effect_without_ha,factorial_interaction,give_me_some_credit,0.002363411217932272,0.0025396122893179426,-0.002187210146546602,0.0033038210691025255,0.00017620107138567042,0.00017620107138567042,auprc,maximize,5,10,"[42, 73, 101, 123, 909, 2026, 4096, 27182, 31415, 65537]",0.8697996306151382,1.0,5,A3-A2,3.0,scheduler_effect_with_ha,0,1.0,1.0
0.1,A0,dp_uniform,scheduler_without_ha,give_me_some_credit,0.014391185808263506,0.028834314627805686,5.194301127867465e-05,0.02011749056700667,0.01444312881954218,0.01444312881954218,f1,maximize,3,10,"[42, 73, 101, 123, 909, 2026, 4096, 27182, 31415, 65537]",0.04933708002842519,,7,A1,3.0,scheduler,0,0.048828125,
0.1,A0,dp_uniform,ha_under_uniform,give_me_some_credit,0.020983455272372165,0.037129785086067325,-0.004837125458677004,0.02933284783681698,0.01614632981369516,0.01614632981369516,f1,maximize,2,10,"[42, 73, 101, 123, 909, 2026, 4096, 27182, 31415, 65537]",0.11572699745507818,,8,A2,3.0,ha_uniform,0,0.01953125,
0.1,A1,scheduler,ha_under_scheduler,give_me_some_credit,0.02085496524060649,0.03736193148876377,-0.004347998992449208,0.029153231157799733,0.01650696624815728,0.01650696624815728,f1,maximize,2,10,"[42, 73, 101, 123, 909, 2026, 4096, 27182, 31415, 65537]",0.10698206773572619,,7,A3,3.0,full_ha_dp,1,0.0546875,
0.1,A2,ha_uniform,scheduler_with_ha,give_me_some_credit,0.012096425133269906,0.026900190387274207,0.0027073401207343938,0.016909636339579943,0.0148037652540043,0.0148037652540043,f1,maximize,1,10,"[42, 73, 101, 123, 909, 2026, 4096, 27182, 31415, 65537]",0.021808428282023316,,9,A3,3.0,full_ha_dp,0,0.005859375,
0.1,A0,dp_uniform,full_vs_uniform_dp,give_me_some_credit,0.02784322619912298,0.05879332126682244,0.0031068688685764803,0.03892214636644161,0.03095009506769946,0.03095009506769946,f1,maximize,1,10,"[42, 73, 101, 123, 909, 2026, 4096, 27182, 31415, 65537]",0.03306144586084557,,9,A3,3.0,full_ha_dp,0,0.00390625,
0.1,A1-A0,scheduler_effect_without_ha,factorial_interaction,give_me_some_credit,0.003552561311202955,0.003913197745665074,-0.003191924876740836,0.004966138275123971,0.00036063643446211934,0.00036063643446211934,f1,maximize,6,10,"[42, 73, 101, 123, 909, 2026, 4096, 27182, 31415, 65537]",0.8235042539776207,,4,A3-A2,3.0,scheduler_effect_with_ha,0,1.0,
0.1,A0,dp_uniform,scheduler_without_ha,give_me_some_credit,0.008779035126890353,0.016199869538450318,-0.0013582007153303908,0.012272244880003225,0.007420834411559963,0.007420834411559963,balanced_accuracy,maximize,3,10,"[42, 73, 101, 123, 909, 2026, 4096, 27182, 31415, 65537]",0.08815350295887282,,7,A1,3.0,scheduler,0,0.10546875,
0.1,A0,dp_uniform,ha_under_uniform,give_me_some_credit,0.01198979254457593,0.024005462425063163,2.587733591130452e-05,0.01676057425909768,0.012015669880487235,0.012015669880487235,balanced_accuracy,maximize,1,10,"[42, 73, 101, 123, 909, 2026, 4096, 27182, 31415, 65537]",0.0496025529696135,,9,A2,3.0,ha_uniform,0,0.02734375,
0.1,A1,scheduler,ha_under_scheduler,give_me_some_credit,0.015409725090899398,0.02549916482430387,-0.005320285357494927,0.02154131030525142,0.010089439733404471,0.010089439733404471,balanced_accuracy,maximize,3,10,"[42, 73, 101, 123, 909, 2026, 4096, 27182, 31415, 65537]",0.1727085060158992,,6,A3,3.0,full_ha_dp,1,0.1640625,
0.1,A2,ha_uniform,scheduler_with_ha,give_me_some_credit,0.009826664790922146,0.015321269055399345,-0.004332060526444947,0.013736730167363919,0.005494604264477199,0.005494604264477199,balanced_accuracy,maximize,3,10,"[42, 73, 101, 123, 909, 2026, 4096, 27182, 31415, 65537]",0.2376794848763986,,7,A3,3.0,full_ha_dp,0,0.431640625,
0.1,A0,dp_uniform,full_vs_uniform_dp,give_me_some_credit,0.015887130879892845,0.033397405024857274,0.0016231432650715867,0.02220867758023964,0.017510274144964432,0.017510274144964432,balanced_accuracy,maximize,2,10,"[42, 73, 101, 123, 909, 2026, 4096, 27182, 31415, 65537]",0.0342375165501286,,8,A3,3.0,full_ha_dp,0,0.02734375,
0.1,A1-A0,scheduler_effect_without_ha,factorial_interaction,give_me_some_credit,0.011213734651466398,0.009287504504383634,-0.013139964798549161,0.01567572013018237,-0.0019262301470827636,-0.0019262301470827636,balanced_accuracy,maximize,6,10,"[42, 73, 101, 123, 909, 2026, 4096, 27182, 31415, 65537]",0.7066192795430946,,4,A3-A2,3.0,scheduler_effect_with_ha,0,0.76953125,
0.1,A0,dp_uniform,scheduler_without_ha,give_me_some_credit,0.0001765837762743974,0.00020694611904032597,-0.00014622143350846882,0.00024684709799569003,3.0362342765928584e-05,-3.0362342765928584e-05,brier,minimize,4,10,"[42, 73, 101, 123, 909, 2026, 4096, 27182, 31415, 65537]",0.7063466046742468,,6,A1,3.0,scheduler,0,0.375,
0.1,A0,dp_uniform,ha_under_uniform,give_me_some_credit,0.0011454040790145322,0.0005023186880091275,-0.001788489470019937,0.0016011644948503534,-0.0006430853910054046,0.0006430853910054046,brier,minimize,10,10,"[42, 73, 101, 123, 909, 2026, 4096, 27182, 31415, 65537]",0.23590635988513925,,0,A2,3.0,ha_uniform,0,0.001953125,
0.1,A1,scheduler,ha_under_scheduler,give_me_some_credit,0.001011888314230831,0.00044177207749046034,-0.001582004550971202,0.001414522325513587,-0.0005701162367403708,0.0005701162367403708,brier,minimize,9,10,"[42, 73, 101, 123, 909, 2026, 4096, 27182, 31415, 65537]",0.23439400583636222,,1,A3,3.0,full_ha_dp,0,0.02734375,
0.1,A2,ha_uniform,scheduler_with_ha,give_me_some_credit,0.00019648104952330373,0.0002998125465542662,-9.314955249234125e-05,0.0002746615680627906,0.00010333149703096248,-0.00010333149703096248,brier,minimize,6,10,"[42, 73, 101, 123, 909, 2026, 4096, 27182, 31415, 65537]",0.2646042857628016,,4,A3,3.0,full_ha_dp,0,0.76953125,
0.1,A0,dp_uniform,full_vs_uniform_dp,give_me_some_credit,0.0011269262024937025,0.0005871723085192603,-0.0016666800964681445,0.0015753342045908352,-0.0005397538939744421,0.0005397538939744421,brier,minimize,8,10,"[42, 73, 101, 123, 909, 2026, 4096, 27182, 31415, 65537]",0.30676462371582425,,2,A3,3.0,full_ha_dp,0,0.16015625,
0.1,A1-A0,scheduler_effect_without_ha,factorial_interaction,give_me_some_credit,0.00014832262707007286,0.00022129178133510675,-7.535347280503897e-05,0.00020734073555234603,7.296915426503389e-05,-7.296915426503389e-05,brier,minimize,6,10,"[42, 73, 101, 123, 909, 2026, 4096, 27182, 31415, 65537]",0.29459312994099984,,4,A3-A2,3.0,scheduler_effect_with_ha,0,0.845703125,
0.5,A0,dp_uniform,scheduler_without_ha,give_me_some_credit,0.004862471705394783,0.01101107145089623,0.0012861280401066655,0.006797266741525018,0.006148599745501448,0.006148599745501448,auc,maximize,0,10,"[42, 73, 101, 123, 909, 2026, 4096, 27182, 31415, 65537]",0.0187650962493467,,10,A1,3.0,scheduler,0,0.001953125,
0.5,A0,dp_uniform,ha_under_uniform,give_me_some_credit,0.010009699303689952,0.025828573265418958,0.005809174658039054,0.013992594773179006,0.015818873961729006,0.015818873961729006,auc,maximize,0,10,"[42, 73, 101, 123, 909, 2026, 4096, 27182, 31415, 65537]",0.0059772084767224145,,10,A2,3.0,ha_uniform,0,0.001953125,
0.5,A1,scheduler,ha_under_scheduler,give_me_some_credit,0.007305143009337196,0.02072163125826299,0.0061113452395886,0.010211885770843828,0.013416488248925796,0.013416488248925796,auc,maximize,0,10,"[42, 73, 101, 123, 909, 2026, 4096, 27182, 31415, 65537]",0.002467313324812235,,10,A3,3.0,full_ha_dp,0,0.001953125,
0.5,A2,ha_uniform,scheduler_with_ha,give_me_some_credit,0.0017739153726288133,0.00552012940532705,0.001972298660069423,0.002479762699960189,0.0037462140326982364,0.0037462140326982364,auc,maximize,0,10,"[42, 73, 101, 123, 909, 2026, 4096, 27182, 31415, 65537]",0.0010050599314778664,,10,A3,3.0,full_ha_dp,0,0.001953125,
0.5,A0,dp_uniform,full_vs_uniform_dp,give_me_some_credit,0.011427914536231302,0.030993002530658544,0.008137173458195942,0.01597512296388954,0.019565087994427244,0.019565087994427244,auc,maximize,0,10,"[42, 73, 101, 123, 909, 2026, 4096, 27182, 31415, 65537]",0.003771969900301239,,10,A3,3.0,full_ha_dp,0,0.001953125,
0.5,A1-A0,scheduler_effect_without_ha,factorial_interaction,give_me_some_credit,0.0037160569446021948,0.0013136712317989825,-0.006118442657405407,0.005194689410970424,-0.0024023857128032122,-0.0024023857128032122,auc,maximize,9,10,"[42, 73, 101, 123, 909, 2026, 4096, 27182, 31415, 65537]",0.17763963692258494,,1,A3-A2,3.0,scheduler_effect_with_ha,0,0.064453125,
0.5,A0,dp_uniform,scheduler_without_ha,give_me_some_credit,0.0030471174407097046,0.012831862405016074,0.006737627523596664,0.004259576464841413,0.009784744964306369,0.009784744964306369,auprc,maximize,0,10,"[42, 73, 101, 123, 909, 2026, 4096, 27182, 31415, 65537]",4.743697140268984e-05,0.0017077309704968341,10,A1,3.0,scheduler,0,0.001953125,0.0703125
0.5,A0,dp_uniform,ha_under_uniform,give_me_some_credit,0.011374164834897926,0.043347421350602613,0.020599091680806758,0.01589998606245834,0.031973256515704686,0.031973256515704686,auprc,maximize,0,10,"[42, 73, 101, 123, 909, 2026, 4096, 27182, 31415, 65537]",0.0001314678731566426,0.0044699076873258485,10,A2,3.0,ha_uniform,0,0.001953125,0.0703125
0.5,A1,scheduler,ha_under_scheduler,give_me_some_credit,0.011134129127722894,0.04035662521923447,0.01808836696378868,0.015564439281312223,0.029222496091511573,0.029222496091511573,auprc,maximize,0,10,"[42, 73, 101, 123, 909, 2026, 4096, 27182, 31415, 65537]",0.00021876029759852704,0.007219089820751392,10,A3,3.0,full_ha_dp,0,0.001953125,0.0703125
0.5,A2,ha_uniform,scheduler_with_ha,give_me_some_credit,0.006176087586948657,0.013210072127061915,0.0008578969531646014,0.008633575122079445,0.007033984540113258,0.007033984540113258,auprc,maximize,2,10,"[42, 73, 101, 123, 909, 2026, 4096, 27182, 31415, 65537]",0.029873254817636207,0.787171146305417,8,A3,3.0,full_ha_dp,0,0.009765625,0.244140625
0.5,A0,dp_uniform,full_vs_uniform_dp,give_me_some_credit,0.013497946989256595,0.05250518804507454,0.02550929406656135,0.01886882879897242,0.039007241055817946,0.039007241055817946,auprc,maximize,0,10,"[42, 73, 101, 123, 909, 2026, 4096, 27182, 31415, 65537]",0.00010672521951977935,0.0037353826831922773,10,A3,3.0,full_ha_dp,0,0.001953125,0.0703125
0.5,A1-A0,scheduler_effect_without_ha,factorial_interaction,give_me_some_credit,0.0057599686647598165,0.003009208240566706,-0.008510729088952926,0.00805188097932992,-0.0027507604241931104,-0.0027507604241931104,auprc,maximize,7,10,"[42, 73, 101, 123, 909, 2026, 4096, 27182, 31415, 65537]",0.3080944820302843,1.0,3,A3-A2,3.0,scheduler_effect_with_ha,0,0.16015625,1.0
0.5,A0,dp_uniform,scheduler_without_ha,give_me_some_credit,0.0034379118819641064,0.0086495033108774,0.0017736795469491863,0.004805869424318024,0.005211591428913293,0.005211591428913293,f1,maximize,2,10,"[42, 73, 101, 123, 909, 2026, 4096, 27182, 31415, 65537]",0.0075172216996325135,,8,A1,3.0,scheduler,0,0.013671875,
0.5,A0,dp_uniform,ha_under_uniform,give_me_some_credit,0.009900215573012195,0.028696584067161517,0.008896152921137124,0.013839547071030252,0.01879636849414932,0.01879636849414932,f1,maximize,0,10,"[42, 73, 101, 123, 909, 2026, 4096, 27182, 31415, 65537]",0.0020056275148909782,,10,A2,3.0,ha_uniform,0,0.001953125,
0.5,A1,scheduler,ha_under_scheduler,give_me_some_credit,0.009265161826798363,0.0283367934757686,0.009806469822171874,0.012951803147825321,0.019071631648970237,0.019071631648970237,f1,maximize,0,10,"[42, 73, 101, 123, 909, 2026, 4096, 27182, 31415, 65537]",0.0011911439365746618,,10,A3,3.0,full_ha_dp,0,0.001953125,
0.5,A2,ha_uniform,scheduler_with_ha,give_me_some_credit,0.006390076915548523,0.011876931499282737,-0.0009032223318143099,0.008932711576635954,0.005486854583734213,0.005486854583734213,f1,maximize,3,10,"[42, 73, 101, 123, 909, 2026, 4096, 27182, 31415, 65537]",0.08398434719676169,,7,A3,3.0,full_ha_dp,0,0.083984375,
0.5,A0,dp_uniform,full_vs_uniform_dp,give_me_some_credit,0.011538724262695777,0.03582194734057931,0.012744498815187756,0.016130024280332948,0.024283223077883533,0.024283223077883533,f1,maximize,1,10,"[42, 73, 101, 123, 909, 2026, 4096, 27182, 31415, 65537]",0.0010286544373986585,,9,A3,3.0,full_ha_dp,0,0.00390625,
0.5,A1-A0,scheduler_effect_without_ha,factorial_interaction,give_me_some_credit,0.004872902941383532,0.005148166096204452,-0.004597639786562612,0.006811848603951212,0.00027526315482092055,0.00027526315482092055,f1,maximize,4,10,"[42, 73, 101, 123, 909, 2026, 4096, 27182, 31415, 65537]",0.9011280930071323,,6,A3-A2,3.0,scheduler_effect_with_ha,0,0.921875,
0.5,A0,dp_uniform,scheduler_without_ha,give_me_some_credit,0.006845370205956626,0.010872701413568954,-0.002818038998344298,0.009569167710066396,0.004027331207612328,0.004027331207612328,balanced_accuracy,maximize,3,10,"[42, 73, 101, 123, 909, 2026, 4096, 27182, 31415, 65537]",0.2159543643749624,,7,A1,3.0,scheduler,0,0.275390625,
0.5,A0,dp_uniform,ha_under_uniform,give_me_some_credit,0.01000580908014857,0.00973487541235341,-0.010276742747943728,0.013987156615653976,-0.000270933667795159,-0.000270933667795159,balanced_accuracy,maximize,5,10,"[42, 73, 101, 123, 909, 2026, 4096, 27182, 31415, 65537]",0.9524957247653933,,5,A2,3.0,ha_uniform,0,0.845703125,
0.5,A1,scheduler,ha_under_scheduler,give_me_some_credit,0.009393120414439203,0.009848483168475707,-0.008937757660402699,0.01313067691918292,0.0004553627540365035,0.0004553627540365035,balanced_accuracy,maximize,4,10,"[42, 73, 101, 123, 909, 2026, 4096, 27182, 31415, 65537]",0.9150809362647965,,6,A3,3.0,full_ha_dp,0,0.921875,
0.5,A2,ha_uniform,scheduler_with_ha,give_me_some_credit,0.012211912366799716,0.016965539996243707,-0.007458284737355725,0.01707107636002715,0.004753627629443991,0.004753627629443991,balanced_accuracy,maximize,5,10,"[42, 73, 101, 123, 909, 2026, 4096, 27182, 31415, 65537]",0.40145260961893736,,5,A3,3.0,full_ha_dp,0,0.4921875,
0.5,A0,dp_uniform,full_vs_uniform_dp,give_me_some_credit,0.012217665139218372,0.0167003591008672,-0.007734971177569541,0.017079118181348087,0.004482693961648831,0.004482693961648831,balanced_accuracy,maximize,2,10,"[42, 73, 101, 123, 909, 2026, 4096, 27182, 31415, 65537]",0.4280097173985107,,8,A3,3.0,full_ha_dp,0,0.275390625,
0.5,A1-A0,scheduler_effect_without_ha,factorial_interaction,give_me_some_credit,0.009130755539015616,0.009857051960847279,-0.008404459117183953,0.01276391611317504,0.0007262964218316626,0.0007262964218316626,balanced_accuracy,maximize,4,10,"[42, 73, 101, 123, 909, 2026, 4096, 27182, 31415, 65537]",0.8611852149403738,,6,A3-A2,3.0,scheduler_effect_with_ha,0,0.4921875,
0.5,A0,dp_uniform,scheduler_without_ha,give_me_some_credit,4.548294009543815e-06,1.1031619040679338e-05,1.9350310215917074e-06,6.358076606892993e-06,6.483325031135523e-06,-6.483325031135523e-06,brier,minimize,2,10,"[42, 73, 101, 123, 909, 2026, 4096, 27182, 31415, 65537]",0.010412816857530214,,8,A1,3.0,scheduler,0,0.013671875,
0.5,A0,dp_uniform,ha_under_uniform,give_me_some_credit,0.002290851577965999,-0.00017326209585947052,-0.004754965251791468,0.0032023896865872132,-0.0024641136738254694,0.0024641136738254694,brier,minimize,10,10,"[42, 73, 101, 123, 909, 2026, 4096, 27182, 31415, 65537]",0.03778068487297664,,0,A2,3.0,ha_uniform,0,0.001953125,
0.5,A1,scheduler,ha_under_scheduler,give_me_some_credit,0.0023147106266797326,-0.00016808819117123492,-0.004797509444530701,0.003235742336871298,-0.0024827988178509675,0.0024827988178509675,brier,minimize,10,10,"[42, 73, 101, 123, 909, 2026, 4096, 27182, 31415, 65537]",0.03820566345594403,,0,A3,3.0,full_ha_dp,0,0.001953125,
0.5,A2,ha_uniform,scheduler_with_ha,give_me_some_credit,0.00013239581006139887,0.00012019399106703639,-0.00014459762905576136,0.0001850765805894895,-1.2201818994362485e-05,1.2201818994362485e-05,brier,minimize,5,10,"[42, 73, 101, 123, 909, 2026, 4096, 27182, 31415, 65537]",0.8394928333668014,,5,A3,3.0,full_ha_dp,0,0.921875,
0.5,A0,dp_uniform,full_vs_uniform_dp,give_me_some_credit,0.0023167821595245276,-0.00015953333329530445,-0.00479309765234436,0.0032386381401094495,-0.002476315492819832,0.002476315492819832,brier,minimize,10,10,"[42, 73, 101, 123, 909, 2026, 4096, 27182, 31415, 65537]",0.03874198803934165,,0,A3,3.0,full_ha_dp,0,0.001953125,
0.5,A1-A0,scheduler_effect_without_ha,factorial_interaction,give_me_some_credit,0.0001305226136426244,0.00011183746961712708,-0.0001492077576681217,0.00018245803255690084,-1.8685144025497313e-05,1.8685144025497313e-05,brier,minimize,6,10,"[42, 73, 101, 123, 909, 2026, 4096, 27182, 31415, 65537]",0.753456390510348,,4,A3-A2,3.0,scheduler_effect_with_ha,0,0.921875,
